timestamp,symbol,price,strategy
2025-05-06T22:11:42.458317,AAPL,201.15,Breakout
2025-05-06T22:11:43.111251,TSLA,278.82,Breakout
2025-05-06T22:11:43.776104,MSFT,436,Breakout
2025-05-06T22:24:58.731925,AAPL,201.15,Breakout
2025-05-06T22:24:59.390651,TSLA,278.82,Breakout
2025-05-06T22:25:00.054978,MSFT,436,Breakout
2025-05-07T10:02:58.943515,AAPL,198.05,Breakout
2025-05-07T10:02:59.628681,TSLA,275.44,Breakout
2025-05-07T10:03:00.280398,MSFT,434.38,Breakout
2025-05-07T10:03:45.847649,AAPL,198.0401,Breakout
2025-05-07T10:03:46.512110,TSLA,275.3978,Breakout
2025-05-07T10:03:47.167040,MSFT,434.515,Breakout
2025-05-07T10:09:03.149401,AAPL,198.795,Breakout
2025-05-07T10:09:03.822345,TSLA,275.52,Breakout
2025-05-07T10:09:04.474505,MSFT,434.6153,Breakout
2025-05-07T10:09:11.760302,AAPL,198.7631,Breakout
2025-05-07T10:09:12.459150,TSLA,275.55,Breakout
2025-05-07T10:09:13.123276,MSFT,434.61,Breakout
2025-05-07T10:09:23.518253,AAPL,198.76,Breakout
2025-05-07T10:09:24.179745,TSLA,275.745,Breakout
2025-05-07T10:09:24.847640,MSFT,434.48,Breakout
2025-05-07T10:11:45.318479,AAPL,198.905,Breakout
2025-05-07T10:11:46.011118,TSLA,275.055,Breakout
2025-05-07T10:11:46.656640,MSFT,434.8,Breakout
2025-05-07T10:39:58.134346,AAPL,199.01,MA Crossover
2025-05-07T10:39:58.795321,TSLA,276.87,Breakout
2025-05-07T10:39:59.472544,MSFT,434.75,Breakout
2025-05-07T10:49:45.662423,AAPL,198.83,Breakout
2025-05-07T10:49:46.331120,TSLA,275.69,Breakout
2025-05-07T10:49:47.008254,MSFT,433,Breakout
2025-05-07T11:04:20.880780,AAPL,196.8455,Breakout
2025-05-07T11:04:21.635003,TSLA,273.5,Breakout
2025-05-07T15:44:10.796040,AAPL,196.787,Breakout
2025-05-07T15:44:11.478834,TSLA,276.57,Breakout
2025-05-07T15:44:12.185961,MSFT,437.26,Breakout
2025-05-08T12:47:10.991336,MSFT,442.87,Breakout
2025-05-08T12:47:21.203535,MSFT,442.85,Breakout
2025-05-08T12:47:42.188203,MSFT,442.82,Breakout
2025-05-08T12:47:45.599902,MSFT,442.86,Breakout
2025-05-08T12:47:48.535835,MSFT,442.83,Breakout
2025-05-08T12:47:53.970051,MSFT,442.82,Breakout
2025-05-08T12:47:55.735198,MSFT,442.83,Breakout
2025-05-08T12:48:13.916659,MSFT,442.92,Breakout
2025-05-08T12:49:17.741220,MSFT,443.1,Breakout
2025-05-08T12:50:21.678475,MSFT,442.89,Breakout
2025-05-08T12:51:25.695270,MSFT,443.19,Breakout
2025-05-08T12:52:29.543807,MSFT,443.155,Breakout
2025-05-08T12:53:14.128464,MSFT,443.035,Breakout
2025-05-08T12:53:22.791732,MSFT,443.08,Breakout
2025-05-08T12:54:18.166010,MSFT,443.19,Breakout
2025-05-08T12:55:18.712260,MSFT,442.965,Breakout
2025-05-08T12:55:22.358047,MSFT,443.02,Breakout
2025-05-08T12:56:26.181210,MSFT,442.99,Breakout
2025-05-08T12:56:55.394799,MSFT,443.04,Breakout
2025-05-08T12:57:21.999757,MSFT,443.0876,Breakout
2025-05-08T12:57:39.436626,MSFT,443.09,Breakout
2025-05-08T12:57:41.467595,MSFT,443.0552,Breakout
2025-05-08T12:57:47.577514,AAPL,199.7893,Breakout
2025-05-08T12:57:48.245716,TSLA,287.89,Breakout
2025-05-08T12:57:48.949482,MSFT,443.02,Breakout
2025-05-08T12:57:56.112750,MSFT,442.9901,Breakout
2025-05-08T12:58:15.674574,MSFT,443.0106,Breakout
2025-05-08T12:58:41.015634,MSFT,443.12,Breakout
2025-05-08T12:58:56.200613,MSFT,443,Breakout
2025-05-08T12:59:13.040378,MSFT,443.05,Breakout
2025-05-08T12:59:14.893361,MSFT,443.05,Breakout
2025-05-08T12:59:18.442497,MSFT,443.03,Breakout
2025-05-08T13:00:42.106763,MSFT,443.085,Breakout
2025-05-08T13:01:44.565107,MSFT,442.825,Breakout
2025-05-08T13:02:47.126057,MSFT,442.76,Breakout
2025-05-08T13:03:47.831872,MSFT,442.8,Breakout
2025-05-08T13:03:49.748336,MSFT,442.8,Breakout
2025-05-08T13:04:52.298495,MSFT,442.56,Breakout
2025-05-08T13:05:54.843995,MSFT,442.56,Breakout
2025-05-08T13:39:58.726453,MSFT,443.07,Breakout
2025-05-08T13:41:01.454857,MSFT,442.92,Breakout
2025-05-08T13:42:04.050321,MSFT,442.7893,Breakout
2025-05-08T13:43:07.844396,MSFT,442.71,Breakout
2025-05-08T13:43:55.045238,MSFT,442.65,Breakout
2025-05-08T13:44:09.573779,MSFT,442.63,Breakout
2025-05-08T13:44:57.712249,MSFT,442.7,Breakout
2025-05-08T13:45:10.850102,MSFT,442.7379,Breakout
2025-05-08T13:46:01.637176,MSFT,442.59,Breakout
2025-05-08T13:47:05.728606,MSFT,442.2602,Breakout
2025-05-08T13:48:09.339340,MSFT,442.46,Breakout
2025-05-08T13:49:13.164455,MSFT,442.3899,Breakout
2025-05-08T13:49:43.117961,MSFT,442.3204,Breakout
2025-05-08T13:50:16.080214,MSFT,442.25,Breakout
2025-05-08T13:50:34.783580,MSFT,442.0847,Breakout
2025-05-08T13:50:44.708927,MSFT,442.22,Breakout
2025-05-08T13:51:18.738388,MSFT,442.39,Breakout
2025-05-08T13:51:31.677850,MSFT,442.33,Breakout
2025-05-08T13:51:37.398228,AAPL,198.67,Breakout
2025-05-08T13:51:38.080306,TSLA,288.25,Breakout
2025-05-08T13:51:38.777277,MSFT,442.3441,Breakout
2025-05-08T13:51:52.405943,AAPL,198.71,Breakout
2025-05-08T13:51:53.088202,TSLA,288.24,Breakout
2025-05-08T13:51:53.762597,MSFT,442.45,Breakout
2025-05-08T13:52:00.642435,MSFT,442.54,Breakout
2025-05-08T13:52:19.508471,MSFT,442.405,Breakout
2025-05-08T13:53:04.478751,MSFT,442.51,Breakout
2025-05-08T13:54:08.545630,MSFT,442.26,Breakout
2025-05-08T13:55:01.175322,MSFT,442.495,Breakout
2025-05-08T13:55:11.263813,AAPL,198.77,Breakout
2025-05-08T13:55:11.971579,TSLA,288.15,Breakout
2025-05-08T13:55:12.665634,MSFT,442.49,Breakout
2025-05-08T13:56:01.671228,MSFT,442.323,Breakout
2025-05-08T13:57:01.743814,MSFT,442.078035,Breakout
2025-05-08T13:57:04.443210,MSFT,442.09,Breakout
2025-05-08T13:58:08.115802,MSFT,442.05,Breakout
2025-05-08T13:59:08.665589,MSFT,441.97,Breakout
2025-05-08T13:59:12.364431,MSFT,441.97,Breakout
2025-05-08T14:00:16.109361,MSFT,442,Breakout
2025-05-08T14:01:20.108944,MSFT,442.11,Breakout
2025-05-08T14:02:43.511658,MSFT,442.1878,Breakout
2025-05-08T14:02:48.510832,AAPL,198.235,Breakout
2025-05-08T14:02:49.231807,TSLA,287.56,Breakout
2025-05-08T14:02:49.913408,MSFT,442.17,Breakout
2025-05-08T14:02:59.779029,AAPL,198.19,Breakout
2025-05-08T14:03:00.484930,TSLA,287.5826,Breakout
2025-05-08T14:03:01.155862,MSFT,442.2,Breakout
2025-05-08T14:03:39.281933,MSFT,442.32,Breakout
2025-05-08T14:03:44.334763,MSFT,442.12,Breakout
2025-05-08T14:04:00.652742,AAPL,198.125,Breakout
2025-05-08T14:04:01.335396,TSLA,287.21,Breakout
2025-05-08T14:04:02.093241,MSFT,442.065,Breakout
2025-05-08T14:04:44.241460,MSFT,442.065,Breakout
2025-05-08T14:05:44.356308,MSFT,442.1599,Breakout
2025-05-08T14:05:47.171196,MSFT,442.155,Breakout
2025-05-08T14:06:49.740571,MSFT,442.1499,Breakout
2025-05-08T14:07:52.257505,MSFT,442.38,Breakout
2025-05-08T14:08:52.877865,MSFT,442.47,Breakout
2025-05-08T14:08:54.777725,MSFT,442.4884,Breakout
2025-05-08T14:09:57.875340,MSFT,442.635,Breakout
2025-05-08T14:11:01.747601,MSFT,442.58,Breakout
2025-05-08T14:12:05.661125,MSFT,442.56,Breakout
2025-05-08T14:13:09.547748,MSFT,442.6813,Breakout
2025-05-08T14:14:13.399733,MSFT,442.96,Breakout
2025-05-08T14:15:15.433326,MSFT,442.56,Breakout
2025-05-08T14:15:36.191060,MSFT,442.5944,Breakout
2025-05-08T14:16:09.547115,MSFT,442.72,Breakout
2025-05-08T14:16:36.894612,MSFT,442.7265,Breakout
2025-05-08T14:17:25.316434,AAPL,198.63,Breakout
2025-05-08T14:17:26.001404,TSLA,288.445,Breakout
2025-05-08T14:17:26.694463,MSFT,442.575,Breakout
2025-05-08T14:17:36.880703,MSFT,442.51,Breakout
2025-05-08T14:18:29.887856,MSFT,442.45876,Breakout
2025-05-08T14:18:35.835442,AAPL,198.606983,Breakout
2025-05-08T14:18:36.370195,TSLA,288.4,Breakout
2025-05-08T14:18:36.887709,MSFT,442.475,Breakout
2025-05-08T14:18:48.216270,AAPL,198.61,Breakout
2025-05-08T14:18:48.931213,TSLA,288.51,Breakout
2025-05-08T14:18:49.639368,MSFT,442.5594,Breakout
2025-05-08T14:19:03.229614,MSFT,442.57,Breakout
2025-05-08T14:19:30.571680,MSFT,442.61,Breakout
2025-05-08T14:19:37.474802,MSFT,442.535,Breakout
2025-05-08T14:20:30.591613,MSFT,442.6665,Breakout
2025-05-08T14:21:30.590960,MSFT,442.76,Breakout
2025-05-08T14:22:30.567885,MSFT,442.68,Breakout
2025-05-08T14:23:30.709286,MSFT,442.4,Breakout
2025-05-08T14:24:31.634387,MSFT,442.425,Breakout
2025-05-08T14:24:35.351855,MSFT,442.48,Breakout
2025-05-08T14:25:36.679599,MSFT,442.5501,Breakout
2025-05-08T14:25:39.882808,MSFT,442.6224,Breakout
2025-05-08T14:26:40.676998,MSFT,442.5,Breakout
2025-05-08T14:26:45.031744,MSFT,442.49,Breakout
2025-05-08T14:27:45.601298,MSFT,442.6999,Breakout
2025-05-08T14:27:50.987396,MSFT,442.73,Breakout
2025-05-08T14:28:51.636954,MSFT,442.53,Breakout
2025-05-08T14:28:56.699602,MSFT,442.515,Breakout
2025-05-08T14:29:57.629844,MSFT,442.34,Breakout
2025-05-08T14:30:57.579662,MSFT,442.49,Breakout
2025-05-08T14:31:57.630854,MSFT,442.62,Breakout
2025-05-08T14:32:57.651461,MSFT,442.695,Breakout
2025-05-08T14:33:57.641998,MSFT,442.86,Breakout
2025-05-08T14:34:58.649815,MSFT,442.845,Breakout
2025-05-08T14:35:03.028353,MSFT,442.855,Breakout
2025-05-08T14:36:03.618655,MSFT,443.02,Breakout
2025-05-08T14:37:03.612378,MSFT,443.26,Breakout
2025-05-08T14:38:03.569678,MSFT,443.335,Breakout
2025-05-08T14:39:03.634365,MSFT,443.27,Breakout
2025-05-08T14:40:03.835313,MSFT,443.202,Breakout
2025-05-08T14:41:04.616753,MSFT,443.03,Breakout
2025-05-08T14:41:09.657152,MSFT,443.045,Breakout
2025-05-08T14:42:10.615366,MSFT,443.14,Breakout
2025-05-08T14:42:15.353880,MSFT,443.2,Breakout
2025-05-08T14:43:16.665668,MSFT,443.1149,Breakout
2025-05-08T14:43:20.998659,MSFT,443.1149,Breakout
2025-05-08T14:44:21.547071,MSFT,443.365,Breakout
2025-05-08T14:44:26.806019,MSFT,443.31,Breakout
2025-05-08T14:45:27.509824,MSFT,443.14,Breakout
2025-05-08T14:46:27.519101,MSFT,443.065,Breakout
2025-05-08T17:25:04.207780,AAPL,197.36,Breakout
2025-05-08T17:25:04.826520,TSLA,284.85,Breakout
2025-05-08T17:25:05.398069,MSFT,437.71,Breakout
2025-05-08T17:25:29.024510,AAPL,197.38,Breakout
2025-05-08T17:25:29.580147,TSLA,284.85,Breakout
2025-05-08T17:25:30.135309,MSFT,437.71,Breakout
2025-05-08T17:25:55.707402,AAPL,197.38,Breakout
2025-05-08T17:25:56.495120,TSLA,284.79,Breakout
2025-05-08T17:25:57.210285,MSFT,437.71,Breakout
2025-05-08T17:27:11.226718,AAPL,197.38,Breakout
2025-05-08T17:27:11.968623,TSLA,284.79,Breakout
2025-05-08T17:27:12.695555,MSFT,437.71,Breakout
2025-05-08T17:28:05.414976,AAPL,197.4,Breakout
2025-05-08T17:28:06.154091,TSLA,284.7505,Breakout
2025-05-08T17:28:06.881599,MSFT,437.71,Breakout
2025-05-08T17:29:31.315074,AAPL,197.46,Breakout
2025-05-08T17:29:32.063893,TSLA,284.75,Breakout
2025-05-08T17:29:32.828291,MSFT,438.16,Breakout
2025-05-09T06:43:50.518307,MSFT,439.54,Breakout
2025-05-09T06:44:55.109921,MSFT,439.54,Breakout
2025-05-09T08:37:38.949415,MSFT,439.56,Breakout
2025-05-09T08:37:41.176887,MSFT,439.56,Breakout
2025-05-09T08:38:41.958243,MSFT,439.56,Breakout
2025-05-09T08:38:44.457420,MSFT,439.56,Breakout
2025-05-09T08:39:45.264765,MSFT,439.56,Breakout
2025-05-09T08:39:47.816664,MSFT,439.56,Breakout
2025-05-09T08:40:48.560634,MSFT,439.6,Breakout
2025-05-09T08:40:51.118456,MSFT,439.6,Breakout
2025-05-09T08:47:43.136968,MSFT,439.87,Breakout
2025-05-09T08:48:44.014807,MSFT,439.87,Breakout
2025-05-09T08:48:46.398926,MSFT,439.87,Breakout
2025-05-09T08:49:47.171733,MSFT,439.87,Breakout
2025-05-09T08:49:49.592536,MSFT,439.87,Breakout
2025-05-09T08:50:50.383257,MSFT,439.68,Breakout
2025-05-09T08:50:52.901378,MSFT,439.68,Breakout
2025-05-09T08:51:53.637467,MSFT,439.68,Breakout
2025-05-09T08:51:56.162179,MSFT,439.68,Breakout
2025-05-09T08:52:56.912787,MSFT,439.68,Breakout
2025-05-09T08:52:59.391370,MSFT,439.68,Breakout
2025-05-09T08:54:00.125215,MSFT,439.55,Breakout
2025-05-09T08:54:02.736111,MSFT,439.55,Breakout
2025-05-09T08:55:03.407651,MSFT,439.55,Breakout
2025-05-09T08:55:06.141199,MSFT,439.55,Breakout
2025-05-09T11:10:09.312452,TSLA,302.5,Breakout
2025-05-09T11:11:10.069427,TSLA,301.8263,Breakout
2025-05-09T11:11:13.995448,TSLA,301.954,Breakout
2025-05-09T11:12:14.977105,TSLA,301.7439,Breakout
2025-05-09T11:12:19.196369,TSLA,301.44,Breakout
2025-05-09T11:40:18.338707,TSLA,298.39,Breakout
2025-05-09T11:40:58.831297,AAPL,198.34,Breakout
2025-05-09T11:40:59.600985,TSLA,298.21,Breakout
2025-05-09T11:41:00.341915,MSFT,436.62,Breakout
2025-05-09T11:41:19.650723,TSLA,298.275,Breakout
2025-05-09T11:42:19.612809,TSLA,298.601,Breakout
2025-05-09T11:42:22.690271,TSLA,298.64,Breakout
2025-05-09T11:42:32.587440,TSLA,298.53,Breakout
2025-05-09T11:43:23.977463,TSLA,298.74,Breakout
2025-05-09T11:43:36.711731,TSLA,298.69,Breakout
2025-05-09T11:44:40.480773,TSLA,299.315,Breakout
2025-05-09T11:45:18.679052,TSLA,299.685,Breakout
2025-05-09T11:45:24.786511,TSLA,299.62,Breakout
2025-05-09T11:45:41.195076,TSLA,299.36,Breakout
2025-05-09T11:45:43.812252,TSLA,299.47,Breakout
2025-05-09T11:46:44.561902,TSLA,298.81,Breakout
2025-05-09T11:46:47.074462,TSLA,298.7393,Breakout
2025-05-09T11:47:47.926617,TSLA,298.6595,Breakout
2025-05-09T11:47:50.353162,TSLA,298.7319,Breakout
2025-05-09T11:48:51.111510,TSLA,299.342,Breakout
2025-05-09T11:48:53.582410,TSLA,299.2406,Breakout
2025-05-09T11:49:55.008145,TSLA,299.21,Breakout
2025-05-09T11:49:58.007283,TSLA,299.23,Breakout
2025-05-09T11:51:01.838844,TSLA,299.26,Breakout
2025-05-09T11:52:02.624882,TSLA,299.47,Breakout
2025-05-09T11:52:05.179033,TSLA,299.38,Breakout
2025-05-09T11:53:06.052814,TSLA,299.2499,Breakout
2025-05-09T11:53:08.589318,TSLA,299.203,Breakout
2025-05-09T11:54:10.068970,TSLA,299.23,Breakout
2025-05-09T11:54:13.118830,TSLA,299.19,Breakout
2025-05-09T11:54:22.691206,TSLA,299.1494,Breakout
2025-05-09T11:55:23.469965,TSLA,298.65,Breakout
2025-05-09T11:55:25.629274,TSLA,298.63,Breakout
2025-05-09T11:56:26.383508,TSLA,298.949,Breakout
2025-05-09T11:56:28.923523,TSLA,298.97,Breakout
2025-05-09T11:57:30.005534,TSLA,299,Breakout
2025-05-09T11:57:33.214237,TSLA,299.13,Breakout
2025-05-09T11:58:04.501479,TSLA,299.0999,Breakout
2025-05-09T12:11:17.333280,TSLA,296.75,Breakout
2025-05-09T12:12:18.244742,TSLA,296.57,Breakout
2025-05-09T12:12:20.596537,TSLA,296.57,Breakout
2025-05-09T12:13:21.230514,TSLA,296.75,Breakout
2025-05-09T12:13:23.775463,TSLA,296.91,Breakout
2025-05-09T12:14:24.589003,TSLA,296.88,Breakout
2025-05-09T12:14:27.065823,TSLA,296.97,Breakout
2025-05-09T12:15:27.833053,TSLA,296.99,Breakout
2025-05-09T12:15:30.361109,TSLA,297.045,Breakout
2025-05-09T12:16:31.123758,TSLA,296.9513,Breakout
2025-05-09T12:16:33.655369,TSLA,296.84,Breakout
2025-05-09T12:17:34.334942,TSLA,296.99,Breakout
2025-05-09T12:17:37.037424,TSLA,296.945,Breakout
2025-05-09T12:17:50.675764,TSLA,296.815,Breakout
2025-05-09T12:18:51.394407,TSLA,297.22,Breakout
2025-05-09T12:18:53.860162,TSLA,297.21,Breakout
2025-05-09T12:19:54.691016,TSLA,297.215,Breakout
2025-05-09T12:19:57.141407,TSLA,297.1701,Breakout
2025-05-09T12:20:58.051876,TSLA,297.28,Breakout
2025-05-09T12:21:01.538994,TSLA,297.3,Breakout
2025-05-09T12:22:03.077736,TSLA,297.445,Breakout
2025-05-09T12:22:06.216001,TSLA,297.54,Breakout
2025-05-09T12:23:07.082843,TSLA,297.43,Breakout
2025-05-09T12:23:11.318022,TSLA,297.57,Breakout
2025-05-09T12:24:13.115345,TSLA,297.75,Breakout
2025-05-09T12:24:15.727907,TSLA,297.8799,Breakout
2025-05-09T12:25:17.186315,TSLA,297.34,Breakout
2025-05-09T12:25:20.397923,TSLA,297.3091,Breakout
2025-05-09T12:26:21.106227,TSLA,297.05,Breakout
2025-05-09T12:26:25.456837,TSLA,296.9943,Breakout
2025-05-09T12:27:26.121725,TSLA,296.88,Breakout
2025-05-09T12:27:30.363681,TSLA,296.83,Breakout
2025-05-09T12:28:32.156254,TSLA,296.83,Breakout
2025-05-09T12:28:35.313566,TSLA,296.905,Breakout
2025-05-09T12:29:36.044449,TSLA,296.94,Breakout
2025-05-09T12:29:40.387504,TSLA,296.905,Breakout
2025-05-09T12:30:41.121245,TSLA,296.8999,Breakout
2025-05-09T12:30:45.309845,TSLA,296.97,Breakout
2025-05-09T12:31:46.118815,TSLA,296.86,Breakout
2025-05-09T12:31:50.395156,TSLA,296.659,Breakout
2025-05-09T12:32:51.066556,TSLA,296.855,Breakout
2025-05-09T12:32:55.358793,TSLA,296.945,Breakout
2025-05-09T12:33:56.150646,TSLA,296.84,Breakout
2025-05-09T12:34:00.487108,TSLA,296.84,Breakout
2025-05-09T12:35:01.042373,TSLA,296.9,Breakout
2025-05-09T12:35:05.317474,TSLA,296.9459,Breakout
2025-05-09T12:36:06.032958,TSLA,297.33,Breakout
2025-05-09T12:36:10.493220,TSLA,297.2761,Breakout
2025-05-09T14:29:45.493747,TSLA,298.42,Breakout
2025-05-09T14:30:00.523477,TSLA,298.455,Breakout
2025-05-09T14:30:07.719746,TSLA,298.5126,Breakout
2025-05-09T14:30:17.363496,TSLA,298.625,Breakout
2025-05-09T14:30:46.373944,TSLA,298.53,Breakout
2025-05-09T14:30:48.768480,TSLA,298.48,Breakout
2025-05-09T14:31:49.575695,TSLA,298.7494,Breakout
2025-05-09T14:32:50.112574,TSLA,298.83,Breakout
2025-05-09T14:33:26.226200,TSLA,298.5471,Breakout
2025-05-09T14:34:26.925843,TSLA,298.51,Breakout
2025-05-09T14:35:27.658902,TSLA,298.23,Breakout
2025-05-09T14:36:28.084614,TSLA,297.6,Breakout
2025-05-09T14:37:28.049193,TSLA,297.4955,Breakout
2025-05-09T14:37:46.687480,TSLA,297.51,Breakout
2025-05-09T14:38:01.494933,TSLA,297.5,Breakout
2025-05-09T14:38:47.468460,TSLA,297.575,Breakout
2025-05-09T14:39:47.457684,TSLA,297.228,Breakout
2025-05-09T14:40:48.065998,TSLA,297.3955,Breakout
2025-05-09T14:41:48.156267,TSLA,297.305,Breakout
2025-05-09T14:42:48.132038,TSLA,297.17,Breakout
2025-05-09T14:43:01.657849,TSLA,297.2255,Breakout
2025-05-09T14:43:06.582702,TSLA,297.19,Breakout
2025-05-09T14:44:02.591031,TSLA,296.75,Breakout
2025-05-09T14:45:02.553400,TSLA,296.6245,Breakout
2025-05-09T14:46:02.515895,TSLA,296.92,Breakout
2025-05-09T14:47:02.577173,TSLA,297.03,Breakout
2025-05-09T14:48:03.145126,TSLA,297.2888,Breakout
2025-05-09T14:49:04.179938,TSLA,297.43,Breakout
2025-05-09T14:50:05.096363,TSLA,297.34,Breakout
2025-05-09T14:51:06.161348,TSLA,297.26,Breakout
2025-05-09T14:52:07.165010,TSLA,297.0795,Breakout
2025-05-09T14:53:09.542850,TSLA,296.8305,Breakout
2025-05-09T14:53:14.579296,TSLA,296.8704,Breakout
2025-05-09T14:54:10.355647,TSLA,296.85,Breakout
2025-05-09T14:55:10.344201,TSLA,297.315,Breakout
2025-05-09T14:56:10.375824,TSLA,297.15,Breakout
2025-05-09T14:57:10.386478,TSLA,297.3038,Breakout
2025-05-09T14:58:10.458225,TSLA,297.2937,Breakout
2025-05-09T14:59:10.422954,TSLA,297.3,Breakout
2025-05-09T15:00:10.776724,TSLA,297.1906,Breakout
2025-05-09T15:02:20.803458,TSLA,296.9903,Breakout
2025-05-09T15:02:31.900178,TSLA,296.99,Breakout
2025-05-09T15:03:21.669817,TSLA,297.155,Breakout
2025-05-09T15:03:53.675368,TSLA,297.32,Breakout
2025-05-09T15:04:05.268202,TSLA,297.385,Breakout
2025-05-09T15:04:54.545650,TSLA,297.5764,Breakout
2025-05-09T15:05:54.535902,TSLA,297.8501,Breakout
2025-05-09T15:06:54.536923,TSLA,297.9265,Breakout
2025-05-09T15:07:54.575863,TSLA,298.27,Breakout
2025-05-09T15:08:54.540028,TSLA,298.55,Breakout
2025-05-09T20:22:01.496095,TSLA,299.29,Breakout
2025-05-09T20:23:01.262300,TSLA,299.29,Breakout
2025-05-09T20:52:56.682320,TSLA,299.29,Breakout
2025-05-09T20:53:57.251936,TSLA,299.29,Breakout
2025-05-09T20:54:58.353814,TSLA,299.29,Breakout
2025-05-09T20:55:59.345451,TSLA,299.29,Breakout
2025-05-09T20:57:00.278138,TSLA,299.29,Breakout
2025-05-09T20:58:01.321104,TSLA,299.29,Breakout
2025-05-09T20:59:02.378402,TSLA,299.29,Breakout
2025-05-09T21:00:03.313752,TSLA,299.29,Breakout
2025-05-09T21:01:04.311948,TSLA,299.29,Breakout
2025-05-09T21:02:05.347111,TSLA,299.29,Breakout
2025-05-09T21:03:06.289521,TSLA,299.29,Breakout
2025-05-09T21:04:07.297900,TSLA,299.29,Breakout
2025-05-09T21:05:08.510095,TSLA,299.29,Breakout
2025-05-09T21:06:09.253570,TSLA,299.29,Breakout
2025-05-09T22:25:03.687813,TSLA,299.29,Breakout
2025-05-09T22:26:03.552832,TSLA,299.29,Breakout
2025-05-09T22:27:04.115520,TSLA,299.29,Breakout
2025-05-09T22:28:00.803048,TSLA,299.29,Breakout
2025-05-09T22:28:07.477663,TSLA,299.29,Breakout
2025-05-09T22:29:01.711946,TSLA,299.29,Breakout
2025-05-09T22:30:01.598537,TSLA,299.29,Breakout
2025-05-09T22:31:01.628978,TSLA,299.29,Breakout
2025-05-09T22:32:02.152337,TSLA,299.29,Breakout
2025-05-09T22:33:02.191514,TSLA,299.29,Breakout
2025-05-09T22:33:55.581254,TSLA,299.29,Breakout
2025-05-09T22:34:03.824749,TSLA,299.29,Breakout
2025-05-09T22:34:56.404677,TSLA,299.29,Breakout
2025-05-09T22:35:44.025259,TSLA,299.29,Breakout
2025-05-09T22:35:56.570231,TSLA,299.29,Breakout
2025-05-09T22:36:56.424857,TSLA,299.29,Breakout
2025-05-09T22:37:56.430422,TSLA,299.29,Breakout
2025-05-09T22:38:38.438912,TSLA,299.29,Breakout
2025-05-09T22:38:42.361124,TSLA,299.29,Breakout
2025-05-09T22:39:39.293168,TSLA,299.29,Breakout
2025-05-09T22:40:39.172492,TSLA,299.29,Breakout
2025-05-09T22:41:39.302831,TSLA,299.29,Breakout
2025-05-09T22:42:39.301131,TSLA,299.29,Breakout
2025-05-09T22:43:39.234712,TSLA,299.29,Breakout
2025-05-09T22:44:39.380106,TSLA,299.29,Breakout
2025-05-09T22:45:39.237572,TSLA,299.29,Breakout
2025-05-09T22:46:39.383301,TSLA,299.29,Breakout
2025-05-09T22:47:39.341701,TSLA,299.29,Breakout
2025-05-09T22:48:02.350487,TSLA,299.29,Breakout
2025-05-09T22:49:03.134816,TSLA,299.29,Breakout
2025-05-09T22:50:03.060095,TSLA,299.29,Breakout
2025-05-09T23:21:20.018515,TSLA,299.29,Breakout
2025-05-09T23:21:37.993703,TSLA,299.29,Breakout
2025-05-09T23:22:38.811256,TSLA,299.29,Breakout
2025-05-09T23:23:38.832826,TSLA,299.29,Breakout
2025-05-09T23:24:38.807736,TSLA,299.29,Breakout
2025-05-09T23:25:38.837990,TSLA,299.29,Breakout
2025-05-09T23:26:39.115910,TSLA,299.29,Breakout
2025-05-09T23:27:39.956513,TSLA,299.29,Breakout
2025-05-09T23:28:41.057278,TSLA,299.29,Breakout
2025-05-09T23:29:41.073457,TSLA,299.29,Breakout
2025-05-09T23:30:41.109235,TSLA,299.29,Breakout
2025-05-09T23:31:21.466744,TSLA,299.29,Breakout
2025-05-09T23:32:22.900099,TSLA,299.29,Breakout
2025-05-09T23:33:24.098991,TSLA,299.29,Breakout
2025-05-09T23:33:38.356330,TSLA,299.29,Breakout
2025-05-09T23:34:39.137576,TSLA,299.29,Breakout
2025-05-09T23:34:41.453404,TSLA,299.29,Breakout
2025-05-09T23:35:42.309261,TSLA,299.29,Breakout
2025-05-09T23:35:44.953542,TSLA,299.29,Breakout
2025-05-09T23:36:45.801165,TSLA,299.29,Breakout
2025-05-09T23:36:48.360345,TSLA,299.29,Breakout
2025-05-09T23:37:49.163144,TSLA,299.29,Breakout
2025-05-09T23:37:51.896827,TSLA,299.29,Breakout
2025-05-09T23:38:52.729292,TSLA,299.29,Breakout
2025-05-09T23:38:55.281580,TSLA,299.29,Breakout
2025-05-09T23:39:41.233529,TSLA,299.29,Breakout
2025-05-09T23:39:56.113021,TSLA,299.29,Breakout
2025-05-09T23:39:58.886273,TSLA,299.29,Breakout
2025-05-09T23:40:59.765965,TSLA,299.29,Breakout
2025-05-09T23:41:02.445272,TSLA,299.29,Breakout
2025-05-09T23:42:03.196722,TSLA,299.29,Breakout
2025-05-09T23:42:05.953416,TSLA,299.29,Breakout
2025-05-09T23:42:15.905344,TSLA,299.29,Breakout
2025-05-09T23:42:22.579192,TSLA,299.29,Breakout
2025-05-09T23:43:06.736996,TSLA,299.29,Breakout
2025-05-09T23:43:09.531445,TSLA,299.29,Breakout
2025-05-10T09:11:17.068736,TSLA,298.26,Breakout
2025-05-10T09:12:18.372225,TSLA,298.26,Breakout
2025-05-10T09:12:22.481495,TSLA,298.26,Breakout
2025-05-10T09:13:23.322213,TSLA,298.26,Breakout
2025-05-10T09:13:27.899421,TSLA,298.26,Breakout
2025-05-10T09:14:29.257074,TSLA,298.26,Breakout
2025-05-10T09:14:33.358581,TSLA,298.26,Breakout
2025-05-10T09:15:34.222934,TSLA,298.26,Breakout
2025-05-10T09:15:39.029874,TSLA,298.26,Breakout
2025-05-10T13:42:27.704631,TSLA,298.26,Breakout
2025-05-10T13:43:28.319115,TSLA,298.26,Breakout
2025-05-10T13:43:32.806714,TSLA,298.26,Breakout
2025-05-10T13:44:34.276918,TSLA,298.26,Breakout
2025-05-10T13:44:38.795724,TSLA,298.26,Breakout
2025-05-10T13:47:52.788716,TSLA,298.26,Breakout
2025-05-10T13:48:57.013554,TSLA,298.26,Breakout
2025-05-10T13:50:01.835360,TSLA,298.26,Breakout
2025-05-10T13:51:03.244828,TSLA,298.26,Breakout
2025-05-10T13:51:07.557021,TSLA,298.26,Breakout
2025-05-10T13:52:08.179658,TSLA,298.26,Breakout
2025-05-10T13:52:13.020415,TSLA,298.26,Breakout
2025-05-10T13:53:14.295101,TSLA,298.26,Breakout
2025-05-10T13:53:18.930925,TSLA,298.26,Breakout
2025-05-10T13:54:20.241772,TSLA,298.26,Breakout
2025-05-10T13:54:24.074186,TSLA,298.26,Breakout
2025-05-10T13:55:25.204234,TSLA,298.26,Breakout
2025-05-10T13:55:30.423789,TSLA,298.26,Breakout
2025-05-10T13:56:31.314656,TSLA,298.26,Breakout
2025-05-10T13:56:36.225791,TSLA,298.26,Breakout
2025-05-10T13:57:37.274180,TSLA,298.26,Breakout
2025-05-10T13:57:42.209290,TSLA,298.26,Breakout
2025-05-10T13:58:43.249846,TSLA,298.26,Breakout
2025-05-10T13:58:47.760002,TSLA,298.26,Breakout
2025-05-10T13:59:49.371740,TSLA,298.26,Breakout
2025-05-10T13:59:53.530741,TSLA,298.26,Breakout
2025-05-10T14:02:48.172350,TSLA,298.26,Breakout
2025-05-10T14:03:48.230858,TSLA,298.26,Breakout
2025-05-10T14:03:53.818495,TSLA,298.26,Breakout
2025-05-10T14:04:55.243279,TSLA,298.26,Breakout
2025-05-10T14:04:59.333215,TSLA,298.26,Breakout
2025-05-10T14:06:00.269707,TSLA,298.26,Breakout
2025-05-10T14:06:04.832173,TSLA,298.26,Breakout
2025-05-10T14:07:06.321170,TSLA,298.26,Breakout
2025-05-10T14:07:10.679914,TSLA,298.26,Breakout
2025-05-10T14:08:11.202733,TSLA,298.26,Breakout
2025-05-10T14:08:16.442686,TSLA,298.26,Breakout
2025-05-10T14:09:20.843405,TSLA,298.26,Breakout
2025-05-10T14:10:22.250104,TSLA,298.26,Breakout
2025-05-10T14:10:25.590398,TSLA,298.26,Breakout
2025-05-10T14:11:27.145939,TSLA,298.26,Breakout
2025-05-10T14:11:30.512191,TSLA,298.26,Breakout
2025-05-10T14:12:31.423761,TSLA,298.26,Breakout
2025-05-10T14:12:35.594777,TSLA,298.26,Breakout
2025-05-10T14:13:36.161994,TSLA,298.26,Breakout
2025-05-10T14:13:40.563439,TSLA,298.26,Breakout
2025-05-10T14:14:35.783723,TSLA,298.26,Breakout
2025-05-10T14:15:36.738144,TSLA,298.26,Breakout
2025-05-10T14:15:38.987953,TSLA,298.26,Breakout
2025-05-10T14:16:39.704752,TSLA,298.26,Breakout
2025-05-10T14:16:42.405388,TSLA,298.26,Breakout
2025-05-10T14:17:43.079107,TSLA,298.26,Breakout
2025-05-10T14:17:45.617504,TSLA,298.26,Breakout
2025-05-10T14:18:47.100946,TSLA,298.26,Breakout
2025-05-10T14:18:50.288062,TSLA,298.26,Breakout
2025-05-10T14:19:03.364270,TSLA,298.26,Breakout
2025-05-10T14:19:15.432306,TSLA,298.26,Breakout
2025-05-10T14:19:25.108769,TSLA,298.26,Breakout
2025-05-10T14:20:04.143267,TSLA,298.26,Breakout
2025-05-10T14:20:06.576466,TSLA,298.26,Breakout
2025-05-10T14:21:07.351843,TSLA,298.26,Breakout
2025-05-10T14:21:10.137535,TSLA,298.26,Breakout
2025-05-10T14:22:10.859854,TSLA,298.26,Breakout
2025-05-10T14:22:13.600792,TSLA,298.26,Breakout
2025-05-10T14:23:14.458999,TSLA,298.26,Breakout
2025-05-10T14:23:17.078802,TSLA,298.26,Breakout
2025-05-10T14:24:17.834657,TSLA,298.26,Breakout
2025-05-10T14:24:20.483984,TSLA,298.26,Breakout
2025-05-10T14:25:21.272913,TSLA,298.26,Breakout
2025-05-10T14:25:23.988286,TSLA,298.26,Breakout
2025-05-10T14:26:24.756828,TSLA,298.26,Breakout
2025-05-10T14:26:27.433280,TSLA,298.26,Breakout
2025-05-10T14:27:28.240070,TSLA,298.26,Breakout
2025-05-10T14:27:30.977563,TSLA,298.26,Breakout
2025-05-10T14:28:31.788214,TSLA,298.26,Breakout
2025-05-10T14:28:34.536612,TSLA,298.26,Breakout
2025-05-10T15:15:24.455925,TSLA,298.26,Breakout
2025-05-10T15:16:23.287930,TSLA,298.26,Breakout
2025-05-10T15:16:29.884098,TSLA,298.26,Breakout
2025-05-10T15:17:31.280495,TSLA,298.26,Breakout
2025-05-10T15:17:35.803685,TSLA,298.26,Breakout
2025-05-11T05:59:12.725867,TSLA,298.26,Breakout
2025-05-11T05:59:22.609197,TSLA,298.26,Breakout
2025-05-11T06:00:10.783640,TSLA,298.26,Breakout
2025-05-11T06:00:16.544868,TSLA,298.26,Breakout
2025-05-11T06:01:17.245188,TSLA,298.26,Breakout
2025-05-11T06:01:20.135213,TSLA,298.26,Breakout
2025-05-11T06:02:21.260727,TSLA,298.26,Breakout
2025-05-11T06:02:24.805375,TSLA,298.26,Breakout
2025-05-11T06:03:25.181080,TSLA,298.26,Breakout
2025-05-11T06:03:30.240732,TSLA,298.26,Breakout
2025-05-11T06:04:31.301956,TSLA,298.26,Breakout
2025-05-11T06:04:35.723229,TSLA,298.26,Breakout
2025-05-11T06:05:37.238815,TSLA,298.26,Breakout
2025-05-11T06:05:41.575024,TSLA,298.26,Breakout
2025-05-11T06:06:42.238432,TSLA,298.26,Breakout
2025-05-11T06:06:47.243894,TSLA,298.26,Breakout
2025-05-11T06:07:48.115553,TSLA,298.26,Breakout
2025-05-11T06:07:52.833793,TSLA,298.26,Breakout
2025-05-11T06:08:54.210186,TSLA,298.26,Breakout
2025-05-11T06:08:57.848652,TSLA,298.26,Breakout
2025-05-11T06:09:59.098540,TSLA,298.26,Breakout
2025-05-11T06:10:02.883080,TSLA,298.26,Breakout
2025-05-11T06:11:04.243039,TSLA,298.26,Breakout
2025-05-11T06:11:08.183821,TSLA,298.26,Breakout
2025-05-11T06:12:09.161217,TSLA,298.26,Breakout
2025-05-11T06:12:13.285517,TSLA,298.26,Breakout
2025-05-11T06:13:14.287984,TSLA,298.26,Breakout
2025-05-11T06:13:19.199388,TSLA,298.26,Breakout
2025-05-11T06:14:20.263375,TSLA,298.26,Breakout
2025-05-11T06:14:24.647267,TSLA,298.26,Breakout
2025-05-11T06:15:25.351195,TSLA,298.26,Breakout
2025-05-11T06:15:30.524881,TSLA,298.26,Breakout
2025-05-11T06:16:31.232571,TSLA,298.26,Breakout
2025-05-11T06:16:36.260709,TSLA,298.26,Breakout
2025-05-11T06:17:37.232466,TSLA,298.26,Breakout
2025-05-11T06:17:41.745856,TSLA,298.26,Breakout
2025-05-11T06:18:42.229309,TSLA,298.26,Breakout
2025-05-11T06:18:47.438513,TSLA,298.26,Breakout
2025-05-11T06:19:48.132443,TSLA,298.26,Breakout
2025-05-11T06:19:53.035721,TSLA,298.26,Breakout
2025-05-11T06:20:58.106712,TSLA,298.26,Breakout
2025-05-11T06:21:59.028976,TSLA,298.26,Breakout
2025-05-11T06:22:03.198773,TSLA,298.26,Breakout
2025-05-11T06:23:04.008984,TSLA,298.26,Breakout
2025-05-11T06:23:08.544540,TSLA,298.26,Breakout
2025-05-11T06:24:09.043212,TSLA,298.26,Breakout
2025-05-11T06:24:13.433040,TSLA,298.26,Breakout
2025-05-11T06:25:14.032222,TSLA,298.26,Breakout
2025-05-11T06:25:18.744395,TSLA,298.26,Breakout
2025-05-11T06:26:20.004823,TSLA,298.26,Breakout
2025-05-11T06:26:24.179589,TSLA,298.26,Breakout
2025-05-11T06:27:25.064153,TSLA,298.26,Breakout
2025-05-11T06:27:29.742642,TSLA,298.26,Breakout
2025-05-11T06:28:31.018907,TSLA,298.26,Breakout
2025-05-11T06:28:34.368901,TSLA,298.26,Breakout
2025-05-11T06:29:35.246658,TSLA,298.26,Breakout
2025-05-11T06:29:39.165329,TSLA,298.26,Breakout
2025-05-11T06:30:39.946502,TSLA,298.26,Breakout
2025-05-11T06:30:44.456728,TSLA,298.26,Breakout
2025-05-11T06:31:45.921064,TSLA,298.26,Breakout
2025-05-11T06:31:49.016034,TSLA,298.26,Breakout
2025-05-11T06:32:49.851682,TSLA,298.26,Breakout
2025-05-11T06:32:54.480117,TSLA,298.26,Breakout
2025-05-11T06:33:55.909436,TSLA,298.26,Breakout
2025-05-11T06:33:59.187020,TSLA,298.26,Breakout
2025-05-11T06:35:00.899205,TSLA,298.26,Breakout
2025-05-11T06:35:04.167309,TSLA,298.26,Breakout
2025-05-11T06:36:04.966892,TSLA,298.26,Breakout
2025-05-11T06:36:09.555709,TSLA,298.26,Breakout
2025-05-11T06:37:10.826431,TSLA,298.26,Breakout
2025-05-11T06:37:14.409450,TSLA,298.26,Breakout
2025-05-11T06:38:15.855935,TSLA,298.26,Breakout
2025-05-11T06:38:19.326807,TSLA,298.26,Breakout
2025-05-11T06:39:19.887968,TSLA,298.26,Breakout
2025-05-11T06:39:24.326818,TSLA,298.26,Breakout
2025-05-11T06:40:24.834735,TSLA,298.26,Breakout
2025-05-11T06:40:29.327425,TSLA,298.26,Breakout
2025-05-11T06:41:29.868879,TSLA,298.26,Breakout
2025-05-11T06:41:34.160099,TSLA,298.26,Breakout
2025-05-11T06:42:34.867292,TSLA,298.26,Breakout
2025-05-11T06:42:39.688528,TSLA,298.26,Breakout
2025-05-11T06:43:40.840954,TSLA,298.26,Breakout
2025-05-11T06:43:45.319683,TSLA,298.26,Breakout
2025-05-11T06:44:46.849978,TSLA,298.26,Breakout
2025-05-11T06:44:50.123269,TSLA,298.26,Breakout
2025-05-11T06:45:50.966086,TSLA,298.26,Breakout
2025-05-11T06:45:55.418454,TSLA,298.26,Breakout
2025-05-11T06:46:55.825617,TSLA,298.26,Breakout
2025-05-11T06:47:00.712847,TSLA,298.26,Breakout
2025-05-11T06:48:01.842675,TSLA,298.26,Breakout
2025-05-11T06:48:05.990360,TSLA,298.26,Breakout
2025-05-11T06:48:30.672163,TSLA,298.26,Breakout
2025-05-11T06:48:46.802775,TSLA,298.26,Breakout
2025-05-11T06:49:10.488044,TSLA,298.26,Breakout
2025-05-11T06:49:47.525413,TSLA,298.26,Breakout
2025-05-11T06:49:50.163745,TSLA,298.26,Breakout
2025-05-11T06:50:51.730250,TSLA,298.26,Breakout
2025-05-11T06:50:54.709258,TSLA,298.26,Breakout
2025-05-11T06:51:05.396921,TSLA,298.26,Breakout
2025-05-11T06:51:13.836618,AAPL,198.53,Breakout
2025-05-11T06:51:14.632888,TSLA,298.26,Breakout
2025-05-11T06:51:15.458781,MSFT,438.73,Breakout
2025-05-11T06:51:19.871607,AAPL,198.53,Breakout
2025-05-11T06:51:20.708989,TSLA,298.26,Breakout
2025-05-11T06:51:21.505182,MSFT,438.73,Breakout
2025-05-11T06:51:25.424824,AAPL,198.53,Breakout
2025-05-11T06:51:26.218604,TSLA,298.26,Breakout
2025-05-11T06:51:27.007159,MSFT,438.73,Breakout
2025-05-11T06:51:29.818395,AAPL,198.53,Breakout
2025-05-11T06:51:30.656081,TSLA,298.26,Breakout
2025-05-11T06:51:31.471386,MSFT,438.73,Breakout
2025-05-11T06:51:54.172415,TSLA,298.26,Breakout
2025-05-11T06:51:55.620039,TSLA,298.26,Breakout
2025-05-11T06:52:55.687007,TSLA,298.26,Breakout
2025-05-11T06:53:36.721977,TSLA,298.26,Breakout
2025-05-11T06:53:55.386902,TSLA,298.26,Breakout
2025-05-11T06:53:59.044292,TSLA,298.26,Breakout
2025-05-11T06:54:10.275564,TSLA,298.26,Breakout
2025-05-11T06:55:11.034786,TSLA,298.26,Breakout
2025-05-11T06:56:11.063687,TSLA,298.26,Breakout
2025-05-11T06:57:11.121636,TSLA,298.26,Breakout
2025-05-11T06:58:11.700071,TSLA,298.26,Breakout
2025-05-11T06:58:49.399324,TSLA,298.26,Breakout
2025-05-11T06:58:57.846724,TSLA,298.26,Breakout
2025-05-11T06:59:50.967516,TSLA,298.26,Breakout
2025-05-11T06:59:53.805101,TSLA,298.26,Breakout
2025-05-11T07:00:54.646962,TSLA,298.26,Breakout
2025-05-11T07:00:59.011890,TSLA,298.26,Breakout
2025-05-11T07:01:59.855829,TSLA,298.26,Breakout
2025-05-11T07:02:04.326694,TSLA,298.26,Breakout
2025-05-11T07:03:05.729144,TSLA,298.26,Breakout
2025-05-11T07:03:09.297398,TSLA,298.26,Breakout
2025-05-11T07:04:10.728658,TSLA,298.26,Breakout
2025-05-11T07:04:13.850530,TSLA,298.26,Breakout
2025-05-11T07:05:14.695102,TSLA,298.26,Breakout
2025-05-11T07:05:19.018994,TSLA,298.26,Breakout
2025-05-11T07:06:19.712697,TSLA,298.26,Breakout
2025-05-11T07:06:24.113518,TSLA,298.26,Breakout
2025-05-11T07:07:24.715626,TSLA,298.26,Breakout
2025-05-11T07:07:28.997296,TSLA,298.26,Breakout
2025-05-11T07:08:29.687309,TSLA,298.26,Breakout
2025-05-11T07:08:34.063564,TSLA,298.26,Breakout
2025-05-11T07:09:34.634173,TSLA,298.26,Breakout
2025-05-11T07:09:39.264328,TSLA,298.26,Breakout
2025-05-11T07:10:40.719419,TSLA,298.26,Breakout
2025-05-11T07:10:44.123643,TSLA,298.26,Breakout
2025-05-11T07:11:44.744211,TSLA,298.26,Breakout
2025-05-11T07:11:49.299969,TSLA,298.26,Breakout
2025-05-11T07:12:50.710286,TSLA,298.26,Breakout
2025-05-11T07:12:54.110346,TSLA,298.26,Breakout
2025-05-11T07:13:54.689443,TSLA,298.26,Breakout
2025-05-11T07:13:59.322782,TSLA,298.26,Breakout
2025-05-11T07:15:00.733320,TSLA,298.26,Breakout
2025-05-11T07:15:04.176443,TSLA,298.26,Breakout
2025-05-11T07:16:05.653547,TSLA,298.26,Breakout
2025-05-11T07:16:08.720549,TSLA,298.26,Breakout
2025-05-11T07:17:09.683199,TSLA,298.26,Breakout
2025-05-11T07:17:13.975177,TSLA,298.26,Breakout
2025-05-11T07:18:14.692119,TSLA,298.26,Breakout
2025-05-11T07:18:18.963526,TSLA,298.26,Breakout
2025-05-11T07:19:19.658413,TSLA,298.26,Breakout
2025-05-11T07:19:24.274889,TSLA,298.26,Breakout
2025-05-11T07:20:25.686201,TSLA,298.26,Breakout
2025-05-11T07:20:29.194855,TSLA,298.26,Breakout
2025-05-11T07:21:30.627412,TSLA,298.26,Breakout
2025-05-11T07:21:33.989382,TSLA,298.26,Breakout
2025-05-11T07:22:34.575614,TSLA,298.26,Breakout
2025-05-11T07:22:38.938332,TSLA,298.26,Breakout
2025-05-11T07:23:39.576280,TSLA,298.26,Breakout
2025-05-11T07:23:44.317418,TSLA,298.26,Breakout
2025-05-11T07:24:45.578696,TSLA,298.26,Breakout
2025-05-11T07:24:49.297588,TSLA,298.26,Breakout
2025-05-11T07:25:50.646379,TSLA,298.26,Breakout
2025-05-11T07:25:54.667977,TSLA,298.26,Breakout
2025-05-11T07:26:55.598250,TSLA,298.26,Breakout
2025-05-11T07:26:59.868612,TSLA,298.26,Breakout
2025-05-11T07:28:00.588969,TSLA,298.26,Breakout
2025-05-11T07:28:04.473506,TSLA,298.26,Breakout
2025-05-11T07:29:05.541947,TSLA,298.26,Breakout
2025-05-11T07:29:10.772949,TSLA,298.26,Breakout
2025-05-11T07:30:10.994576,TSLA,298.26,Breakout
2025-05-11T07:30:15.915773,TSLA,298.26,Breakout
2025-05-11T07:31:16.605733,TSLA,298.26,Breakout
2025-05-11T07:31:20.594489,TSLA,298.26,Breakout
2025-05-11T07:32:21.643940,TSLA,298.26,Breakout
2025-05-11T07:32:25.702043,TSLA,298.26,Breakout
2025-05-11T07:33:26.540542,TSLA,298.26,Breakout
2025-05-11T07:33:30.608372,TSLA,298.26,Breakout
2025-05-11T07:34:31.510254,TSLA,298.26,Breakout
2025-05-11T07:34:35.927724,TSLA,298.26,Breakout
2025-05-11T07:35:36.604235,TSLA,298.26,Breakout
2025-05-11T07:35:41.127279,TSLA,298.26,Breakout
2025-05-11T07:36:41.626152,TSLA,298.26,Breakout
2025-05-11T07:36:46.101073,TSLA,298.26,Breakout
2025-05-11T07:37:47.581489,TSLA,298.26,Breakout
2025-05-11T07:37:51.047097,TSLA,298.26,Breakout
2025-05-11T07:38:51.564735,TSLA,298.26,Breakout
2025-05-11T07:38:56.100627,TSLA,298.26,Breakout
2025-05-11T07:39:57.590219,TSLA,298.26,Breakout
2025-05-11T07:40:01.104239,TSLA,298.26,Breakout
2025-05-11T07:42:38.239577,TSLA,298.26,Breakout
2025-05-11T07:43:38.641341,TSLA,298.26,Breakout
2025-05-11T07:43:42.593498,TSLA,298.26,Breakout
2025-05-11T07:44:43.643649,TSLA,298.26,Breakout
2025-05-11T07:44:47.712337,TSLA,298.26,Breakout
2025-05-11T07:45:48.643958,TSLA,298.26,Breakout
2025-05-11T07:45:52.906199,TSLA,298.26,Breakout
2025-05-11T07:46:53.491181,TSLA,298.26,Breakout
2025-05-11T07:46:58.426119,TSLA,298.26,Breakout
2025-05-11T07:47:59.662116,TSLA,298.26,Breakout
2025-05-11T07:48:03.098051,TSLA,298.26,Breakout
2025-05-11T07:49:04.496647,TSLA,298.26,Breakout
2025-05-11T07:49:07.658351,TSLA,298.26,Breakout
2025-05-11T07:50:08.542005,TSLA,298.26,Breakout
2025-05-11T07:50:12.952807,TSLA,298.26,Breakout
2025-05-11T07:51:13.620819,TSLA,298.26,Breakout
2025-05-11T07:51:17.952639,TSLA,298.26,Breakout
2025-05-11T07:52:18.502761,TSLA,298.26,Breakout
2025-05-11T07:52:22.734906,TSLA,298.26,Breakout
2025-05-11T07:53:23.560517,TSLA,298.26,Breakout
2025-05-11T07:53:27.659392,TSLA,298.26,Breakout
2025-05-11T07:54:28.607743,TSLA,298.26,Breakout
2025-05-11T07:54:32.229810,TSLA,298.26,Breakout
2025-05-11T07:54:36.789411,TSLA,298.26,Breakout
2025-05-11T07:54:48.036605,TSLA,298.26,Breakout
2025-05-11T07:55:41.136896,TSLA,298.26,Breakout
2025-05-11T07:56:42.559509,TSLA,298.26,Breakout
2025-05-11T07:56:46.391386,TSLA,298.26,Breakout
2025-05-11T07:57:47.547446,TSLA,298.26,Breakout
2025-05-11T07:57:51.239508,TSLA,298.26,Breakout
2025-05-11T07:58:52.597500,TSLA,298.26,Breakout
2025-05-11T07:58:56.145438,TSLA,298.26,Breakout
2025-05-11T07:59:57.613350,TSLA,298.26,Breakout
2025-05-11T08:00:00.867390,TSLA,298.26,Breakout
2025-05-11T08:01:01.921502,TSLA,298.26,Breakout
2025-05-11T08:01:05.722474,TSLA,298.26,Breakout
2025-05-11T08:02:06.526297,TSLA,298.26,Breakout
2025-05-11T08:02:10.862489,TSLA,298.26,Breakout
2025-05-11T08:03:11.555185,TSLA,298.26,Breakout
2025-05-11T08:03:16.121380,TSLA,298.26,Breakout
2025-05-11T08:04:21.524288,TSLA,298.26,Breakout
2025-05-11T09:03:16.856532,TSLA,298.26,Breakout
2025-05-11T09:04:15.514469,TSLA,298.26,Breakout
2025-05-11T09:04:21.415492,TSLA,298.26,Breakout
2025-05-11T09:18:12.412209,TSLA,298.26,Breakout
2025-05-11T09:19:13.493103,TSLA,298.26,Breakout
2025-05-11T09:19:18.383776,TSLA,298.26,Breakout
2025-05-11T09:20:19.487993,TSLA,298.26,Breakout
2025-05-11T09:20:23.971679,TSLA,298.26,Breakout
2025-05-11T09:21:24.557706,TSLA,298.26,Breakout
2025-05-11T09:21:28.925235,TSLA,298.26,Breakout
2025-05-11T09:22:29.514008,TSLA,298.26,Breakout
2025-05-11T09:22:33.799863,TSLA,298.26,Breakout
2025-05-11T09:23:34.527382,TSLA,298.26,Breakout
2025-05-11T09:23:38.748108,TSLA,298.26,Breakout
2025-05-11T09:24:39.624429,TSLA,298.26,Breakout
2025-05-11T09:24:43.842620,TSLA,298.26,Breakout
2025-05-11T09:25:44.419356,TSLA,298.26,Breakout
2025-05-11T09:25:48.744909,TSLA,298.26,Breakout
2025-05-11T09:26:49.420111,TSLA,298.26,Breakout
2025-05-11T09:26:53.886856,TSLA,298.26,Breakout
2025-05-11T09:27:55.451459,TSLA,298.26,Breakout
2025-05-11T09:27:58.932277,TSLA,298.26,Breakout
2025-05-11T09:29:00.462870,TSLA,298.26,Breakout
2025-05-11T09:29:03.655325,TSLA,298.26,Breakout
2025-05-11T09:30:04.493928,TSLA,298.26,Breakout
2025-05-11T09:30:08.768819,TSLA,298.26,Breakout
2025-05-11T09:31:09.462971,TSLA,298.26,Breakout
2025-05-11T09:31:13.763328,TSLA,298.26,Breakout
2025-05-11T09:32:15.454554,TSLA,298.26,Breakout
2025-05-11T09:32:18.678943,TSLA,298.26,Breakout
2025-05-11T11:44:04.729931,TSLA,298.26,Breakout
2025-05-11T11:45:04.548278,TSLA,298.26,Breakout
2025-05-11T11:45:09.199788,TSLA,298.26,Breakout
2025-05-11T11:46:10.532704,TSLA,298.26,Breakout
2025-05-11T11:46:13.888650,TSLA,298.26,Breakout
2025-05-11T11:46:56.974920,TSLA,298.26,Breakout
2025-05-11T11:47:57.743485,TSLA,298.26,Breakout
2025-05-11T11:48:00.145594,TSLA,298.26,Breakout
2025-05-11T11:49:00.819736,TSLA,298.26,Breakout
2025-05-11T11:49:03.450728,TSLA,298.26,Breakout
2025-05-11T11:50:04.555743,TSLA,298.26,Breakout
2025-05-11T11:50:07.727307,TSLA,298.26,Breakout
2025-05-11T11:50:34.321366,TSLA,298.26,Breakout
2025-05-11T11:51:35.111119,TSLA,298.26,Breakout
2025-05-11T11:51:37.336009,TSLA,298.26,Breakout
2025-05-11T11:52:38.120025,TSLA,298.26,Breakout
2025-05-11T11:52:40.528560,TSLA,298.26,Breakout
2025-05-11T11:53:41.304602,TSLA,298.26,Breakout
2025-05-11T11:53:43.915889,TSLA,298.26,Breakout
2025-05-11T11:54:45.031590,TSLA,298.26,Breakout
2025-05-11T11:54:47.278487,TSLA,298.26,Breakout
2025-05-11T11:55:47.969004,TSLA,298.26,Breakout
2025-05-11T11:55:50.589241,TSLA,298.26,Breakout
2025-05-11T11:56:51.346193,TSLA,298.26,Breakout
2025-05-11T11:56:53.811691,TSLA,298.26,Breakout
2025-05-11T11:57:57.712357,TSLA,298.26,Breakout
2025-05-11T11:58:58.620103,TSLA,298.26,Breakout
2025-05-11T11:59:03.569221,TSLA,298.26,Breakout
2025-05-11T12:00:03.622506,TSLA,298.26,Breakout
2025-05-11T12:00:08.797332,TSLA,298.26,Breakout
2025-05-11T12:01:09.521943,TSLA,298.26,Breakout
2025-05-11T12:01:13.797339,TSLA,298.26,Breakout
2025-05-11T12:02:14.492785,TSLA,298.26,Breakout
2025-05-11T12:02:18.155748,TSLA,298.26,Breakout
2025-05-11T12:03:19.597471,TSLA,298.26,Breakout
2025-05-11T12:03:23.219375,TSLA,298.26,Breakout
2025-05-11T12:03:28.864219,TSLA,298.26,Breakout
2025-05-11T12:06:21.228155,TSLA,298.26,Breakout
2025-05-11T12:07:22.132861,TSLA,298.26,Breakout
2025-05-11T12:07:24.434730,TSLA,298.26,Breakout
2025-05-11T12:08:25.181884,TSLA,298.26,Breakout
2025-05-11T12:08:27.753024,TSLA,298.26,Breakout
2025-05-11T12:09:28.533693,TSLA,298.26,Breakout
2025-05-11T12:09:31.039970,TSLA,298.26,Breakout
2025-05-11T12:10:32.000934,TSLA,298.26,Breakout
2025-05-11T12:10:34.180262,TSLA,298.26,Breakout
2025-05-11T12:11:35.452339,TSLA,298.26,Breakout
2025-05-11T12:11:38.821169,TSLA,298.26,Breakout
2025-05-11T12:12:23.515099,TSLA,298.26,Breakout
2025-05-11T12:13:24.304610,TSLA,298.26,Breakout
2025-05-11T12:13:26.689541,TSLA,298.26,Breakout
2025-05-11T12:14:27.670342,TSLA,298.26,Breakout
2025-05-11T12:14:29.910901,TSLA,298.26,Breakout
2025-05-11T12:15:32.982359,TSLA,298.26,Breakout
2025-05-11T12:16:33.834082,TSLA,298.26,Breakout
2025-05-11T12:16:36.315334,TSLA,298.26,Breakout
2025-05-11T12:17:36.983208,TSLA,298.26,Breakout
2025-05-11T12:17:39.545064,TSLA,298.26,Breakout
2025-05-11T12:18:40.332440,TSLA,298.26,Breakout
2025-05-11T12:18:42.643049,TSLA,298.26,Breakout
2025-05-11T12:19:43.662873,TSLA,298.26,Breakout
2025-05-11T12:19:45.843442,TSLA,298.26,Breakout
2025-05-11T12:20:47.473504,TSLA,298.26,Breakout
2025-05-11T12:20:50.494214,TSLA,298.26,Breakout
2025-05-11T12:21:51.527149,TSLA,298.26,Breakout
2025-05-11T12:21:55.188131,TSLA,298.26,Breakout
2025-05-11T12:22:55.605006,TSLA,298.26,Breakout
2025-05-11T12:22:59.986423,TSLA,298.26,Breakout
2025-05-11T12:24:01.535101,TSLA,298.26,Breakout
2025-05-11T12:24:04.658517,TSLA,298.26,Breakout
2025-05-11T12:25:05.528756,TSLA,298.26,Breakout
2025-05-11T12:25:09.896816,TSLA,298.26,Breakout
2025-05-11T12:26:10.633614,TSLA,298.26,Breakout
2025-05-11T12:26:15.421806,TSLA,298.26,Breakout
2025-05-11T12:45:19.388627,TSLA,298.26,Breakout
2025-05-11T12:45:56.541982,TSLA,298.26,Breakout
2025-05-11T12:46:38.968343,TSLA,298.26,Breakout
2025-05-11T12:47:02.330731,TSLA,298.26,Breakout
2025-05-11T12:47:28.292431,TSLA,298.26,Breakout
2025-05-11T12:47:39.747718,TSLA,298.26,Breakout
2025-05-11T12:47:41.994584,TSLA,298.26,Breakout
2025-05-11T12:48:42.620136,TSLA,298.26,Breakout
2025-05-11T12:48:45.196941,TSLA,298.26,Breakout
2025-05-11T12:49:46.011285,TSLA,298.26,Breakout
2025-05-11T12:49:48.456314,TSLA,298.26,Breakout
2025-05-11T12:50:49.208979,TSLA,298.26,Breakout
2025-05-11T12:50:51.679254,TSLA,298.26,Breakout
2025-05-11T12:51:52.433466,TSLA,298.26,Breakout
2025-05-11T12:51:54.933778,TSLA,298.26,Breakout
2025-05-11T12:52:55.752603,TSLA,298.26,Breakout
2025-05-11T12:52:58.254607,TSLA,298.26,Breakout
2025-05-11T12:55:11.924072,TSLA,298.26,Breakout
2025-05-11T12:59:03.534831,TSLA,298.26,Breakout
2025-05-11T13:00:04.254199,TSLA,298.26,Breakout
2025-05-11T13:00:06.645928,TSLA,298.26,Breakout
2025-05-11T13:01:07.531366,TSLA,298.26,Breakout
2025-05-11T13:01:09.815957,TSLA,298.26,Breakout
2025-05-11T13:02:10.544837,TSLA,298.26,Breakout
2025-05-11T13:02:13.009281,TSLA,298.26,Breakout
2025-05-11T13:03:14.508539,TSLA,298.26,Breakout
2025-05-11T13:03:17.535773,TSLA,298.26,Breakout
2025-05-11T13:04:19.475563,TSLA,298.26,Breakout
2025-05-11T13:04:22.679939,TSLA,298.26,Breakout
2025-05-11T13:05:11.492680,TSLA,298.26,Breakout
2025-05-11T13:06:15.458656,TSLA,298.26,Breakout
2025-05-11T13:06:23.137979,TSLA,298.26,Breakout
2025-05-11T13:07:16.215726,TSLA,298.26,Breakout
2025-05-11T13:07:21.003148,TSLA,298.26,Breakout
2025-05-11T13:08:22.451582,TSLA,298.26,Breakout
2025-05-11T13:08:25.658832,TSLA,298.26,Breakout
2025-05-11T13:09:26.530523,TSLA,298.26,Breakout
2025-05-11T13:09:31.122998,TSLA,298.26,Breakout
2025-05-11T13:10:32.481214,TSLA,298.26,Breakout
2025-05-11T13:10:36.156563,TSLA,298.26,Breakout
2025-05-11T13:11:37.457354,TSLA,298.26,Breakout
2025-05-11T13:11:41.455403,TSLA,298.26,Breakout
2025-05-11T13:12:42.473737,TSLA,298.26,Breakout
2025-05-11T13:12:46.140224,TSLA,298.26,Breakout
2025-05-11T13:13:47.577257,TSLA,298.26,Breakout
2025-05-11T13:13:50.909866,TSLA,298.26,Breakout
2025-05-11T13:14:55.677141,TSLA,298.26,Breakout
2025-05-11T13:15:56.733822,TSLA,298.26,Breakout
2025-05-11T13:16:00.853766,TSLA,298.26,Breakout
2025-05-11T13:17:01.554299,TSLA,298.26,Breakout
2025-05-11T13:17:05.966967,TSLA,298.26,Breakout
2025-05-11T13:18:06.503044,TSLA,298.26,Breakout
2025-05-11T13:18:10.843905,TSLA,298.26,Breakout
2025-05-11T13:19:14.237273,TSLA,298.26,Breakout
2025-05-11T13:19:57.563782,TSLA,298.26,Breakout
2025-05-11T13:20:58.374153,TSLA,298.26,Breakout
2025-05-11T13:21:00.606057,TSLA,298.26,Breakout
2025-05-11T13:22:01.384182,TSLA,298.26,Breakout
2025-05-11T13:22:03.698711,TSLA,298.26,Breakout
2025-05-11T13:23:02.885824,TSLA,298.26,Breakout
2025-05-11T13:24:06.887921,TSLA,298.26,Breakout
2025-05-11T13:25:07.552825,TSLA,298.26,Breakout
2025-05-11T13:25:11.893072,TSLA,298.26,Breakout
2025-05-11T13:26:12.546472,TSLA,298.26,Breakout
2025-05-11T13:26:16.884081,TSLA,298.26,Breakout
2025-05-11T13:27:18.557031,TSLA,298.26,Breakout
2025-05-11T13:27:21.832685,TSLA,298.26,Breakout
2025-05-11T13:27:50.073315,TSLA,298.26,Breakout
2025-05-11T13:28:50.865187,TSLA,298.26,Breakout
2025-05-11T13:28:53.329985,TSLA,298.26,Breakout
2025-05-11T13:29:56.383743,TSLA,298.26,Breakout
2025-05-11T13:30:57.585947,TSLA,298.26,Breakout
2025-05-11T13:31:00.909395,TSLA,298.26,Breakout
2025-05-11T13:32:01.526001,TSLA,298.26,Breakout
2025-05-11T13:32:06.054046,TSLA,298.26,Breakout
2025-05-11T13:32:20.687249,TSLA,298.26,Breakout
2025-05-11T13:32:56.032447,TSLA,298.26,Breakout
2025-05-11T13:33:56.784530,TSLA,298.26,Breakout
2025-05-11T13:33:58.988215,TSLA,298.26,Breakout
2025-05-11T13:34:59.692954,TSLA,298.26,Breakout
2025-05-11T13:35:02.031104,TSLA,298.26,Breakout
2025-05-11T13:36:02.787876,TSLA,298.26,Breakout
2025-05-11T13:36:05.099898,TSLA,298.26,Breakout
2025-05-11T13:37:05.923644,TSLA,298.26,Breakout
2025-05-11T13:37:08.087015,TSLA,298.26,Breakout
2025-05-11T13:46:48.638550,TSLA,298.26,Breakout
2025-05-11T13:47:47.850482,TSLA,298.26,Breakout
2025-05-11T13:47:51.968606,TSLA,298.26,Breakout
2025-05-12T08:46:30.372552,TSLA,321.8538,Breakout
2025-05-12T08:46:31.280979,MSFT,447.16,Breakout
2025-05-12T08:47:31.008845,TSLA,321.92,Breakout
2025-05-12T08:47:31.755754,MSFT,447.18,Breakout
2025-05-12T08:47:34.381805,TSLA,321.89,Breakout
2025-05-12T08:47:35.077928,MSFT,447.18,Breakout
2025-05-12T08:48:35.116511,TSLA,321.88,Breakout
2025-05-12T08:48:35.881071,MSFT,447.37,Breakout
2025-05-12T08:48:37.590768,TSLA,321.88,Breakout
2025-05-12T08:48:38.315795,MSFT,447.37,Breakout
2025-05-12T08:49:38.251475,TSLA,322.01,Breakout
2025-05-12T08:49:38.967342,MSFT,447.37,Breakout
2025-05-12T08:49:40.937049,TSLA,322.01,Breakout
2025-05-12T08:49:41.667741,MSFT,447.37,Breakout
2025-05-12T08:50:41.608254,TSLA,322.14,Breakout
2025-05-12T08:50:42.359207,MSFT,447.2,Breakout
2025-05-12T08:50:44.206479,TSLA,322.14,Breakout
2025-05-12T08:50:44.921770,MSFT,447.2,Breakout
2025-05-12T08:51:45.483614,TSLA,322.35,Breakout
2025-05-12T08:51:48.621832,TSLA,322.35,Breakout
2025-05-12T08:51:49.357637,MSFT,447.2,Breakout
2025-05-12T08:52:49.513839,TSLA,322.56,Breakout
2025-05-12T08:52:50.242832,MSFT,447.0938,Breakout
2025-05-12T08:52:54.063035,TSLA,322.59,Breakout
2025-05-12T08:52:54.792996,MSFT,447.0938,Breakout
2025-05-12T08:53:55.466960,TSLA,322.48,Breakout
2025-05-12T08:53:56.204752,MSFT,447.4684,Breakout
2025-05-12T08:53:59.062650,TSLA,322.5,Breakout
2025-05-12T08:53:59.875969,MSFT,447.4684,Breakout
2025-05-12T08:55:00.495285,TSLA,322.62,Breakout
2025-05-12T08:55:01.251301,MSFT,447.4684,Breakout
2025-05-12T08:55:04.212260,TSLA,322.6399,Breakout
2025-05-12T08:55:04.994212,MSFT,447.4684,Breakout
2025-05-12T08:56:05.503444,TSLA,322.5233,Breakout
2025-05-12T08:56:06.280854,MSFT,447.3943,Breakout
2025-05-12T08:56:09.369730,TSLA,322.5233,Breakout
2025-05-12T08:56:10.152867,MSFT,447.3943,Breakout
2025-05-12T08:57:10.440059,TSLA,322.3387,Breakout
2025-05-12T08:57:11.150713,MSFT,447.5,Breakout
2025-05-12T08:57:14.658584,TSLA,322.3498,Breakout
2025-05-12T08:57:15.396984,MSFT,447.5,Breakout
2025-05-12T08:58:16.394935,TSLA,321.72,Breakout
2025-05-12T08:58:19.607530,TSLA,321.7398,Breakout
2025-05-12T08:58:20.357443,MSFT,447.32,Breakout
2025-05-12T08:59:20.239185,TSLA,321.96,Breakout
2025-05-12T08:59:20.983131,MSFT,447,Breakout
2025-05-12T08:59:23.377684,TSLA,321.93,Breakout
2025-05-12T08:59:24.099797,MSFT,447,Breakout
2025-05-12T09:00:17.836272,TSLA,322.0899,Breakout
2025-05-12T09:00:18.580620,MSFT,447,Breakout
2025-05-12T09:00:41.658443,TSLA,321.99,Breakout
2025-05-12T09:00:42.414291,MSFT,447,Breakout
2025-05-12T09:00:52.204707,AAPL,211.31,Breakout
2025-05-12T09:00:52.955641,TSLA,321.95,Breakout
2025-05-12T09:00:53.722905,MSFT,447,Breakout
2025-05-12T09:00:57.328213,AAPL,211.39,Breakout
2025-05-12T09:00:58.085217,TSLA,321.98,Breakout
2025-05-12T09:00:58.854727,MSFT,447,Breakout
2025-05-12T09:01:09.266681,TSLA,322,Breakout
2025-05-12T09:01:10.040042,MSFT,447,Breakout
2025-05-12T09:01:18.589891,TSLA,321.95,Breakout
2025-05-12T09:01:19.366009,MSFT,447,Breakout
2025-05-12T09:01:31.715318,TSLA,321.95,Breakout
2025-05-12T09:01:32.480942,MSFT,447,Breakout
2025-05-12T09:01:45.794335,TSLA,321.86,Breakout
2025-05-12T09:01:46.542255,MSFT,447,Breakout
2025-05-12T09:01:53.641721,TSLA,321.8963,Breakout
2025-05-12T09:01:54.373845,MSFT,447,Breakout
2025-05-12T09:02:02.037214,TSLA,321.8963,Breakout
2025-05-12T09:02:02.791962,MSFT,447.1,Breakout
2025-05-12T09:02:09.871364,TSLA,321.87,Breakout
2025-05-12T09:02:10.603520,MSFT,447.1,Breakout
2025-05-12T09:02:12.713894,TSLA,321.87,Breakout
2025-05-12T09:02:13.473518,MSFT,447.1,Breakout
2025-05-12T09:02:27.014984,TSLA,321.88,Breakout
2025-05-12T09:02:28.348897,TSLA,321.88,Breakout
2025-05-12T09:02:29.067094,MSFT,447.13,Breakout
2025-05-12T09:02:56.616727,TSLA,321.91,Breakout
2025-05-12T09:02:57.997875,TSLA,321.989,Breakout
2025-05-12T09:02:58.736589,MSFT,447.13,Breakout
2025-05-12T09:03:13.770751,TSLA,321.99,Breakout
2025-05-12T09:03:14.615698,MSFT,447.13,Breakout
2025-05-12T09:03:31.805479,TSLA,321.9902,Breakout
2025-05-12T09:03:32.602512,MSFT,447.13,Breakout
2025-05-12T09:04:33.539773,TSLA,321.9,Breakout
2025-05-12T09:04:36.426954,TSLA,321.9499,Breakout
2025-05-12T09:04:37.206255,MSFT,447.15,Breakout
2025-05-12T09:05:37.461552,TSLA,321.75,Breakout
2025-05-12T09:05:38.205899,MSFT,447,Breakout
2025-05-12T09:05:41.842257,TSLA,321.75,Breakout
2025-05-12T09:05:42.611034,MSFT,447,Breakout
2025-05-12T09:06:42.492826,TSLA,321.54,Breakout
2025-05-12T09:06:43.250926,MSFT,446.786,Breakout
2025-05-12T09:06:47.401106,TSLA,321.64,Breakout
2025-05-12T09:06:48.166252,MSFT,446.786,Breakout
2025-05-12T09:07:48.511726,TSLA,321.4781,Breakout
2025-05-12T09:07:49.304035,MSFT,446.6,Breakout
2025-05-12T09:07:53.266088,TSLA,321.5,Breakout
2025-05-12T09:07:53.990121,MSFT,446.6,Breakout
2025-05-12T09:08:54.379882,TSLA,321.46,Breakout
2025-05-12T09:08:55.108046,MSFT,446.5,Breakout
2025-05-12T09:08:58.366882,TSLA,321.4512,Breakout
2025-05-12T09:08:59.097231,MSFT,446.5,Breakout
2025-05-12T09:09:59.393623,TSLA,321.2722,Breakout
2025-05-12T09:10:00.095848,MSFT,446.51,Breakout
2025-05-12T09:10:04.189756,TSLA,321.3553,Breakout
2025-05-12T09:10:04.905607,MSFT,446.51,Breakout
2025-05-12T09:11:05.369844,TSLA,321.55,Breakout
2025-05-12T09:11:06.110275,MSFT,446.61,Breakout
2025-05-12T09:11:09.964541,TSLA,321.59,Breakout
2025-05-12T09:11:10.703467,MSFT,446.61,Breakout
2025-05-12T09:11:50.143651,TSLA,321.6,Breakout
2025-05-12T09:11:50.888765,MSFT,446.76,Breakout
2025-05-12T09:12:51.503122,TSLA,321.54,Breakout
2025-05-12T09:12:54.725225,TSLA,321.559,Breakout
2025-05-12T09:12:55.500266,MSFT,446.88,Breakout
2025-05-12T09:13:55.407073,TSLA,321.94,Breakout
2025-05-12T09:13:56.188343,MSFT,446.75,Breakout
2025-05-12T09:14:00.090642,TSLA,321.93,Breakout
2025-05-12T09:14:00.861508,MSFT,446.75,Breakout
2025-05-12T09:15:01.452605,TSLA,321.8691,Breakout
2025-05-12T09:15:02.226328,MSFT,446.6688,Breakout
2025-05-12T09:15:05.214414,TSLA,321.85,Breakout
2025-05-12T09:15:06.019517,MSFT,446.6688,Breakout
2025-05-12T09:16:06.429038,TSLA,321.97,Breakout
2025-05-12T09:16:07.216554,MSFT,447,Breakout
2025-05-12T09:16:11.373114,TSLA,321.97,Breakout
2025-05-12T09:16:12.134290,MSFT,447,Breakout
2025-05-12T09:17:12.680696,TSLA,321.72,Breakout
2025-05-12T09:17:13.507722,MSFT,446.6,Breakout
2025-05-12T09:17:16.605595,TSLA,321.72,Breakout
2025-05-12T09:17:17.396230,MSFT,446.6,Breakout
2025-05-12T09:18:17.470760,TSLA,321.41,Breakout
2025-05-12T09:18:18.470749,MSFT,446.36,Breakout
2025-05-12T09:18:22.466182,TSLA,321.4948,Breakout
2025-05-12T09:18:23.250534,MSFT,446.36,Breakout
2025-05-12T09:19:23.392705,TSLA,321.36,Breakout
2025-05-12T09:19:24.150385,MSFT,446.71,Breakout
2025-05-12T09:19:27.785693,TSLA,321.33,Breakout
2025-05-12T09:19:29.061929,MSFT,446.71,Breakout
2025-05-12T09:20:28.350560,TSLA,321,Breakout
2025-05-12T09:20:29.087626,MSFT,447,Breakout
2025-05-12T09:20:33.886157,TSLA,321.0101,Breakout
2025-05-12T09:20:34.612419,MSFT,447.01,Breakout
2025-05-12T09:21:35.323006,TSLA,321.2891,Breakout
2025-05-12T09:21:36.060569,MSFT,447.2,Breakout
2025-05-12T09:21:39.839979,TSLA,321.2891,Breakout
2025-05-12T09:21:40.568215,MSFT,447.2,Breakout
2025-05-12T09:22:41.293308,TSLA,321.0216,Breakout
2025-05-12T09:22:42.038400,MSFT,447.2075,Breakout
2025-05-12T09:22:45.398995,TSLA,321.01,Breakout
2025-05-12T09:22:46.164747,MSFT,447.5,Breakout
2025-05-12T09:24:27.234483,TSLA,321.12,Breakout
2025-05-12T09:24:27.987666,MSFT,447.23,Breakout
2025-05-12T09:39:44.149602,TSLA,315.12,Breakout
2025-05-12T09:40:44.962696,TSLA,315,Breakout
2025-05-12T09:40:47.544921,TSLA,314.89,Breakout
2025-05-12T09:41:20.130628,TSLA,314.818,Breakout
2025-05-12T09:41:51.816286,TSLA,313.23,Breakout
2025-05-12T09:42:53.358106,TSLA,312.2999,Breakout
2025-05-12T09:42:56.789187,TSLA,312.38,Breakout
2025-05-12T09:44:01.575350,TSLA,312.1499,Breakout
2025-05-12T09:45:02.212172,TSLA,313.046,Breakout
2025-05-12T09:45:06.629710,TSLA,312.85,Breakout
2025-05-12T09:46:07.242037,TSLA,312.795,Breakout
2025-05-12T09:46:12.201868,TSLA,312.56,Breakout
2025-05-12T09:47:13.493454,TSLA,312.05,Breakout
2025-05-12T09:47:17.353914,TSLA,312.1612,Breakout
2025-05-12T09:48:18.215372,TSLA,312.95,Breakout
2025-05-12T09:48:22.407891,TSLA,312.86,Breakout
2025-05-12T09:49:23.195145,TSLA,314.04,Breakout
2025-05-12T09:49:27.689558,TSLA,314,Breakout
2025-05-12T09:50:28.167055,TSLA,314.32,Breakout
2025-05-12T09:50:33.080046,TSLA,314.394,Breakout
2025-05-12T09:51:34.255059,TSLA,314.1259,Breakout
2025-05-12T09:51:38.464723,TSLA,314.12,Breakout
2025-05-12T09:52:39.154482,TSLA,315.545,Breakout
2025-05-12T09:52:43.475954,TSLA,315.67,Breakout
2025-05-12T09:53:44.188644,TSLA,316.93,Breakout
2025-05-12T09:53:48.777564,TSLA,317.1085,Breakout
2025-05-12T09:54:50.200599,TSLA,316.42,Breakout
2025-05-12T09:54:54.563056,TSLA,316.16,Breakout
2025-05-12T09:55:56.233357,TSLA,314.5199,Breakout
2025-05-12T09:56:00.188617,TSLA,314.72,Breakout
2025-05-12T09:57:01.289885,TSLA,315.08,Breakout
2025-05-12T09:57:05.885729,TSLA,314.55,Breakout
2025-05-12T09:58:07.180265,TSLA,315.088,Breakout
2025-05-12T09:58:11.758028,TSLA,314.98,Breakout
2025-05-12T09:59:13.190805,TSLA,315.98,Breakout
2025-05-12T09:59:17.905488,TSLA,315.785,Breakout
2025-05-12T10:00:19.173449,TSLA,314.72,Breakout
2025-05-12T10:00:23.000889,TSLA,314.6169,Breakout
2025-05-12T10:01:28.239756,TSLA,316.48,Breakout
2025-05-12T10:02:29.316245,TSLA,316.9799,Breakout
2025-05-12T10:02:33.918128,TSLA,316.993,Breakout
2025-05-12T10:03:35.194620,TSLA,316.405,Breakout
2025-05-12T10:03:39.464193,TSLA,316.737,Breakout
2025-05-12T10:04:40.266459,TSLA,316.68,Breakout
2025-05-12T10:04:45.282139,TSLA,316.78,Breakout
2025-05-12T10:05:46.191244,TSLA,317.3255,Breakout
2025-05-12T10:05:50.606611,TSLA,317.3101,Breakout
2025-05-12T10:06:51.219654,TSLA,317.31,Breakout
2025-05-12T10:06:56.212430,TSLA,317.16,Breakout
2025-05-12T10:07:14.408465,TSLA,317.34,Breakout
2025-05-12T10:08:15.188991,TSLA,317.8762,Breakout
2025-05-12T10:08:17.841549,TSLA,318.015,Breakout
2025-05-12T10:09:18.524679,TSLA,316.96,Breakout
2025-05-12T10:09:21.166715,TSLA,316.9,Breakout
2025-05-12T10:10:21.942606,TSLA,316.86,Breakout
2025-05-12T10:10:24.619454,TSLA,316.625,Breakout
2025-05-12T10:11:25.361440,TSLA,316.68,Breakout
2025-05-12T10:11:27.939510,TSLA,316.515,Breakout
2025-05-12T10:12:28.638668,TSLA,317.14,Breakout
2025-05-12T10:12:31.121915,TSLA,317.1,Breakout
2025-05-12T10:13:31.935681,TSLA,317.34,Breakout
2025-05-12T10:13:34.341377,TSLA,317.41,Breakout
2025-05-12T10:14:35.039370,TSLA,317.1424,Breakout
2025-05-12T10:14:35.847890,MSFT,443.88,Breakout
2025-05-12T10:14:37.528091,TSLA,317.2672,Breakout
2025-05-12T10:14:38.321103,MSFT,443.96,Breakout
2025-05-12T10:24:05.868777,TSLA,319.464,Breakout
2025-05-12T10:24:06.679062,MSFT,444.305,Breakout
2025-05-12T10:25:06.623018,TSLA,318.005,Breakout
2025-05-12T10:25:07.557192,MSFT,444.395,Breakout
2025-05-12T10:25:09.678302,TSLA,317.87,Breakout
2025-05-12T10:25:10.576618,MSFT,444.395,Breakout
2025-05-12T10:26:10.481665,TSLA,317.42,Breakout
2025-05-12T10:26:11.287681,MSFT,444.44,Breakout
2025-05-12T10:26:13.308116,TSLA,317.2384,Breakout
2025-05-12T10:26:14.104084,MSFT,444.49,Breakout
2025-05-12T10:27:14.183898,TSLA,316.79,Breakout
2025-05-12T10:27:14.994329,MSFT,443.89,Breakout
2025-05-12T10:27:16.979231,TSLA,316.88,Breakout
2025-05-12T10:27:17.847982,MSFT,443.9752,Breakout
2025-05-12T10:28:18.245712,TSLA,315.35,Breakout
2025-05-12T10:28:21.718210,TSLA,315.36,Breakout
2025-05-12T10:29:23.214192,TSLA,315.57,Breakout
2025-05-12T10:29:24.020677,MSFT,443.81,Breakout
2025-05-12T10:29:27.410931,TSLA,315.28,Breakout
2025-05-12T10:29:28.245904,MSFT,443.77,Breakout
2025-05-12T10:30:28.258569,TSLA,314.95,Breakout
2025-05-12T10:30:33.547651,TSLA,314.79,Breakout
2025-05-12T10:31:34.262149,TSLA,314.555,Breakout
2025-05-12T10:31:39.076014,TSLA,314.47,Breakout
2025-05-12T10:32:40.252941,TSLA,314.71,Breakout
2025-05-12T10:32:44.246129,TSLA,315.01,Breakout
2025-05-12T10:33:22.477883,TSLA,315.06,Breakout
2025-05-12T10:33:58.677347,TSLA,315.7,Breakout
2025-05-12T10:34:59.405503,TSLA,315.3969,Breakout
2025-05-12T10:35:02.067398,TSLA,315.48,Breakout
2025-05-12T10:36:02.804728,TSLA,315.42,Breakout
2025-05-12T10:36:05.721871,TSLA,315.47,Breakout
2025-05-12T10:36:41.798691,TSLA,315.26,Breakout
2025-05-12T10:37:42.628904,TSLA,315.9076,Breakout
2025-05-12T10:37:45.167811,TSLA,315.895,Breakout
2025-05-12T10:38:46.282579,TSLA,316,Breakout
2025-05-12T10:38:49.577450,TSLA,316.75,Breakout
2025-05-12T10:39:50.233419,TSLA,316.97,Breakout
2025-05-12T10:39:54.725451,TSLA,317.14,Breakout
2025-05-12T10:40:55.237977,TSLA,317.8796,Breakout
2025-05-12T10:41:00.246143,TSLA,317.9385,Breakout
2025-05-12T10:42:01.394829,TSLA,317.8465,Breakout
2025-05-12T10:42:05.413065,TSLA,318.035,Breakout
2025-05-12T10:43:06.238342,TSLA,318.46,Breakout
2025-05-12T10:43:11.136560,TSLA,318.61,Breakout
2025-05-12T10:44:12.136421,TSLA,318.595,Breakout
2025-05-12T10:44:16.908609,TSLA,318.55,Breakout
2025-05-12T10:45:18.233956,TSLA,318.41,Breakout
2025-05-12T10:45:22.396672,TSLA,318.17,Breakout
2025-05-12T10:46:23.576249,TSLA,318.935,Breakout
2025-05-12T10:46:24.334911,MSFT,443.75,Breakout
2025-05-12T10:46:27.584831,TSLA,318.56,Breakout
2025-05-12T10:46:28.342082,MSFT,443.75,Breakout
2025-05-12T10:47:28.220795,TSLA,319.28,Breakout
2025-05-12T10:47:29.010096,MSFT,443.84,Breakout
2025-05-12T10:47:33.431956,TSLA,319.0449,Breakout
2025-05-12T10:47:34.196890,MSFT,443.77,Breakout
2025-05-12T10:48:34.296592,TSLA,318.64,Breakout
2025-05-12T10:48:35.077863,MSFT,444.1662,Breakout
2025-05-12T10:48:39.080742,TSLA,318.66,Breakout
2025-05-12T10:48:39.893138,MSFT,444.11,Breakout
2025-05-12T10:49:40.203070,TSLA,319.02,Breakout
2025-05-12T10:49:40.947761,MSFT,443.945,Breakout
2025-05-12T10:49:44.709061,TSLA,319.03,Breakout
2025-05-12T10:49:45.455273,MSFT,443.81,Breakout
2025-05-12T10:50:46.151711,TSLA,318.5066,Breakout
2025-05-12T10:50:46.918017,MSFT,443.77,Breakout
2025-05-12T10:50:50.344626,TSLA,318.55,Breakout
2025-05-12T10:51:51.217079,TSLA,318.54,Breakout
2025-05-12T10:51:51.969402,MSFT,443.925,Breakout
2025-05-12T10:51:56.576168,TSLA,318.44,Breakout
2025-05-12T10:51:57.360962,MSFT,443.9,Breakout
2025-05-12T10:52:57.248757,TSLA,318.57,Breakout
2025-05-12T10:52:58.012222,MSFT,443.9754,Breakout
2025-05-12T10:53:02.687092,TSLA,318.66,Breakout
2025-05-12T10:53:03.427180,MSFT,443.85,Breakout
2025-05-12T10:54:05.430061,TSLA,318.95,Breakout
2025-05-12T10:54:08.842959,TSLA,319.06,Breakout
2025-05-12T10:54:09.592507,MSFT,444.345,Breakout
2025-05-12T10:55:10.361737,TSLA,318.7101,Breakout
2025-05-12T10:55:11.144279,MSFT,444.365,Breakout
2025-05-12T10:55:14.267307,TSLA,318.3182,Breakout
2025-05-12T10:55:15.107480,MSFT,444.36,Breakout
2025-05-12T10:56:15.145242,TSLA,317.695,Breakout
2025-05-12T10:56:15.883402,MSFT,443.885,Breakout
2025-05-12T10:56:20.186247,TSLA,317.87,Breakout
2025-05-12T10:56:20.923956,MSFT,444,Breakout
2025-05-12T10:57:21.195986,TSLA,317.8,Breakout
2025-05-12T10:57:21.945163,MSFT,444.16,Breakout
2025-05-12T10:57:26.308480,TSLA,317.8707,Breakout
2025-05-12T10:57:27.058906,MSFT,444.12,Breakout
2025-05-12T10:58:27.211098,TSLA,317.465,Breakout
2025-05-12T10:58:27.960030,MSFT,444.055,Breakout
2025-05-12T10:58:32.327204,TSLA,317.48,Breakout
2025-05-12T10:58:33.074636,MSFT,444.01,Breakout
2025-05-12T10:59:33.222027,TSLA,317.25,Breakout
2025-05-12T10:59:33.992997,MSFT,443.815,Breakout
2025-05-12T10:59:37.817648,TSLA,317.3,Breakout
2025-05-12T10:59:38.560106,MSFT,443.86,Breakout
2025-05-12T11:00:39.191725,TSLA,317.67,Breakout
2025-05-12T11:00:39.966622,MSFT,443.87,Breakout
2025-05-12T11:00:43.931348,TSLA,317.5801,Breakout
2025-05-12T11:00:44.694530,MSFT,443.875,Breakout
2025-05-12T11:01:45.222903,TSLA,318.264,Breakout
2025-05-12T11:01:45.974533,MSFT,444.17,Breakout
2025-05-12T11:01:49.525773,TSLA,318.2,Breakout
2025-05-12T11:01:50.393455,MSFT,444.1,Breakout
2025-05-12T11:02:50.208688,TSLA,318.27,Breakout
2025-05-12T11:02:50.965015,MSFT,444.085,Breakout
2025-05-12T11:02:55.532913,TSLA,318.391,Breakout
2025-05-12T11:02:56.276442,MSFT,444.1745,Breakout
2025-05-12T11:03:56.275014,TSLA,318.1941,Breakout
2025-05-12T11:03:57.078783,MSFT,444.17,Breakout
2025-05-12T11:04:01.262154,TSLA,318.2999,Breakout
2025-05-12T11:04:02.053846,MSFT,444.16584,Breakout
2025-05-12T11:04:44.118981,TSLA,317.991,Breakout
2025-05-12T11:04:44.919387,MSFT,444.2501,Breakout
2025-05-12T11:05:44.906132,TSLA,318.02,Breakout
2025-05-12T11:05:45.678396,MSFT,444.1508,Breakout
2025-05-12T11:05:49.481069,TSLA,318.05,Breakout
2025-05-12T11:05:50.253559,MSFT,444.08,Breakout
2025-05-12T11:06:50.199829,TSLA,317.01,Breakout
2025-05-12T11:06:55.650108,TSLA,317.0996,Breakout
2025-05-12T11:07:56.193370,TSLA,317.48,Breakout
2025-05-12T11:08:00.931421,TSLA,317.27,Breakout
2025-05-12T11:09:02.200259,TSLA,317.52,Breakout
2025-05-12T11:09:05.757841,TSLA,317.495,Breakout
2025-05-12T11:10:06.140730,TSLA,317.52,Breakout
2025-05-12T11:10:10.291284,TSLA,317.55,Breakout
2025-05-12T11:11:11.192644,TSLA,317.4899,Breakout
2025-05-12T11:11:15.559560,TSLA,317.25,Breakout
2025-05-12T11:12:16.229685,TSLA,317.68,Breakout
2025-05-12T11:12:20.753018,TSLA,317.67,Breakout
2025-05-12T11:13:22.186609,TSLA,318.0622,Breakout
2025-05-12T11:13:26.298790,TSLA,317.9873,Breakout
2025-05-12T11:14:27.178485,TSLA,318.5,Breakout
2025-05-12T11:14:31.935133,TSLA,318.5,Breakout
2025-05-12T11:15:33.239293,TSLA,318.0459,Breakout
2025-05-12T11:15:37.594242,TSLA,318.0027,Breakout
2025-05-12T11:16:41.831227,TSLA,318.0699,Breakout
2025-05-12T11:17:43.309299,TSLA,318.28,Breakout
2025-05-12T11:17:46.522937,TSLA,318.2559,Breakout
2025-05-12T11:18:00.263977,TSLA,317.83,Breakout
2025-05-12T11:19:01.178748,TSLA,318.6232,Breakout
2025-05-12T11:19:04.624329,TSLA,318.6915,Breakout
2025-05-12T11:20:05.220948,TSLA,318.5218,Breakout
2025-05-12T11:20:09.948595,TSLA,318.38,Breakout
2025-05-12T11:21:11.185596,TSLA,318.69,Breakout
2025-05-12T11:21:15.834137,TSLA,318.6949,Breakout
2025-05-12T11:22:17.236092,TSLA,318.805,Breakout
2025-05-12T11:22:21.250717,TSLA,318.78,Breakout
2025-05-12T11:23:22.287305,TSLA,318.54,Breakout
2025-05-12T11:23:26.999673,TSLA,318.49,Breakout
2025-05-12T11:24:28.512280,TSLA,318.47,Breakout
2025-05-12T11:24:31.775159,TSLA,318.5885,Breakout
2025-05-12T11:25:33.203966,TSLA,318.8692,Breakout
2025-05-12T11:25:37.467486,TSLA,318.99,Breakout
2025-05-12T11:26:38.229620,TSLA,319.1601,Breakout
2025-05-12T11:26:43.149371,TSLA,319.201,Breakout
2025-05-12T11:27:44.242673,TSLA,319.73,Breakout
2025-05-12T11:27:48.684269,TSLA,319.825,Breakout
2025-05-12T11:28:49.433937,TSLA,319.9001,Breakout
2025-05-12T11:28:53.730360,TSLA,319.86,Breakout
2025-05-12T11:29:54.217932,TSLA,319.69,Breakout
2025-05-12T11:29:54.961542,MSFT,443.735,Breakout
2025-05-12T11:30:54.184728,TSLA,319.74,Breakout
2025-05-12T11:30:54.897013,MSFT,443.81,Breakout
2025-05-12T11:30:59.627010,TSLA,319.65,Breakout
2025-05-12T11:31:00.382168,MSFT,443.85,Breakout
2025-05-12T11:32:04.746213,TSLA,319.97,Breakout
2025-05-12T11:32:05.505404,MSFT,443.785,Breakout
2025-05-12T11:32:19.744415,TSLA,319.905,Breakout
2025-05-12T11:32:20.500254,MSFT,443.82,Breakout
2025-05-12T11:33:20.442124,TSLA,319.949,Breakout
2025-05-12T11:33:21.181442,MSFT,443.84,Breakout
2025-05-12T11:33:23.270804,TSLA,319.97,Breakout
2025-05-12T11:33:24.004334,MSFT,443.88,Breakout
2025-05-12T11:33:55.375906,TSLA,319.4385,Breakout
2025-05-12T11:33:56.276029,MSFT,443.8,Breakout
2025-05-12T11:34:09.567821,TSLA,319.5943,Breakout
2025-05-12T11:34:10.342167,MSFT,443.705,Breakout
2025-05-12T11:34:24.099231,TSLA,319.7558,Breakout
2025-05-12T11:34:24.931593,MSFT,443.78,Breakout
2025-05-12T11:35:13.384150,TSLA,319.347,Breakout
2025-05-12T11:35:14.101207,MSFT,443.8,Breakout
2025-05-12T11:35:33.421831,TSLA,319.49,Breakout
2025-05-12T11:35:34.149941,MSFT,443.88,Breakout
2025-05-12T11:35:44.187543,TSLA,319.465,Breakout
2025-05-12T11:35:44.944944,MSFT,443.91,Breakout
2025-05-12T11:35:46.240848,TSLA,319.4579,Breakout
2025-05-12T11:35:48.129989,TSLA,319.46,Breakout
2025-05-12T11:35:48.895159,MSFT,443.875,Breakout
2025-05-12T11:36:14.099576,TSLA,319.505,Breakout
2025-05-12T11:36:14.856956,MSFT,443.92,Breakout
2025-05-12T11:36:51.760010,TSLA,320.205,Breakout
2025-05-12T11:36:52.498859,MSFT,444.035,Breakout
2025-05-12T11:37:52.488866,TSLA,320.665,Breakout
2025-05-12T11:37:53.292377,MSFT,444.13,Breakout
2025-05-12T11:37:55.203031,TSLA,320.5501,Breakout
2025-05-12T11:37:55.927157,MSFT,443.98,Breakout
2025-05-12T11:38:56.025237,TSLA,320.465,Breakout
2025-05-12T11:38:56.771066,MSFT,443.8264,Breakout
2025-05-12T11:38:58.719689,TSLA,320.56,Breakout
2025-05-12T11:38:59.618008,MSFT,443.83,Breakout
2025-05-12T11:39:59.475046,TSLA,319.88,Breakout
2025-05-12T11:40:02.452530,TSLA,319.895,Breakout
2025-05-12T11:40:36.169610,TSLA,319.95,Breakout
2025-05-12T11:41:24.881185,TSLA,319.74,Breakout
2025-05-12T11:41:54.268436,TSLA,319.76,Breakout
2025-05-12T11:42:04.255567,TSLA,319.8874,Breakout
2025-05-12T11:42:11.600627,TSLA,320.03,Breakout
2025-05-12T11:43:48.379211,TSLA,320.135,Breakout
2025-05-12T11:44:49.492320,TSLA,320.14,Breakout
2025-05-12T11:44:52.009471,TSLA,320.1499,Breakout
2025-05-12T11:45:52.946039,TSLA,320.2086,Breakout
2025-05-12T11:45:55.546242,TSLA,320.215,Breakout
2025-05-12T11:46:56.312817,TSLA,320.37,Breakout
2025-05-12T11:46:59.225017,TSLA,320.27,Breakout
2025-05-12T11:47:59.958683,TSLA,320.2914,Breakout
2025-05-12T11:48:00.673385,MSFT,443.795,Breakout
2025-05-12T11:48:02.696294,TSLA,320.3406,Breakout
2025-05-12T11:48:03.558717,MSFT,443.87,Breakout
2025-05-12T11:49:03.483913,TSLA,320.2001,Breakout
2025-05-12T11:49:06.297517,TSLA,320.2912,Breakout
2025-05-12T11:50:07.018252,TSLA,319.9299,Breakout
2025-05-12T11:50:09.741637,TSLA,319.821,Breakout
2025-05-12T11:51:10.493115,TSLA,319.0969,Breakout
2025-05-12T11:51:13.094795,TSLA,318.9664,Breakout
2025-05-12T11:52:13.805614,TSLA,318.86,Breakout
2025-05-12T11:52:16.409998,TSLA,318.83,Breakout
2025-05-12T11:53:17.123121,TSLA,319.0716,Breakout
2025-05-12T11:53:19.711709,TSLA,319.21,Breakout
2025-05-12T11:54:20.546871,TSLA,318.481,Breakout
2025-05-12T11:54:23.076780,TSLA,318.5199,Breakout
2025-05-12T11:55:24.131987,TSLA,318.725,Breakout
2025-05-12T11:55:26.382334,TSLA,318.72,Breakout
2025-05-12T11:56:27.133336,TSLA,318.345,Breakout
2025-05-12T11:56:29.574115,TSLA,318.3,Breakout
2025-05-12T11:57:30.294940,TSLA,317.73,Breakout
2025-05-12T11:57:32.931584,TSLA,317.8217,Breakout
2025-05-12T11:58:33.605444,TSLA,318.0516,Breakout
2025-05-12T11:58:36.257497,TSLA,317.96,Breakout
2025-05-12T11:59:40.971026,TSLA,318.105,Breakout
2025-05-12T13:17:14.081791,TSLA,318.348,Breakout
2025-05-12T13:17:14.823923,MSFT,446.85,Breakout
2025-05-12T13:17:25.460415,TSLA,318.42,Breakout
2025-05-12T13:17:26.254180,MSFT,446.85,Breakout
2025-05-12T13:18:26.112252,TSLA,318.785,Breakout
2025-05-12T13:18:26.870130,MSFT,446.8075,Breakout
2025-05-12T13:18:29.037423,TSLA,318.82,Breakout
2025-05-12T13:18:29.872059,MSFT,446.82,Breakout
2025-05-12T13:19:29.821706,TSLA,318.7008,Breakout
2025-05-12T13:19:30.590247,MSFT,446.8301,Breakout
2025-05-12T13:19:32.698201,TSLA,318.7001,Breakout
2025-05-12T13:19:33.556961,MSFT,446.845,Breakout
2025-05-12T13:20:33.504890,TSLA,318.4529,Breakout
2025-05-12T13:20:34.309353,MSFT,446.605,Breakout
2025-05-12T13:20:36.389801,TSLA,318.3583,Breakout
2025-05-12T13:20:37.164536,MSFT,446.56,Breakout
2025-05-12T13:21:37.136242,TSLA,317.8328,Breakout
2025-05-12T13:21:37.846504,MSFT,446.615,Breakout
2025-05-12T13:21:40.022435,TSLA,317.8714,Breakout
2025-05-12T13:21:40.826536,MSFT,446.5701,Breakout
2025-05-12T13:22:13.228622,TSLA,317.8778,Breakout
2025-05-12T13:22:13.973672,MSFT,446.6404,Breakout
2025-05-12T13:22:32.907952,TSLA,317.9928,Breakout
2025-05-12T13:22:33.627346,MSFT,446.55,Breakout
2025-05-12T13:23:33.806674,TSLA,318.0522,Breakout
2025-05-12T13:23:34.561850,MSFT,446.395,Breakout
2025-05-12T13:23:36.468142,TSLA,318.12,Breakout
2025-05-12T13:23:37.206980,MSFT,446.395,Breakout
2025-05-12T13:24:37.117353,TSLA,318.13,Breakout
2025-05-12T13:24:37.888415,MSFT,446.37,Breakout
2025-05-12T13:24:40.081977,TSLA,318.195,Breakout
2025-05-12T13:24:40.879685,MSFT,446.35,Breakout
2025-05-12T13:24:44.145320,TSLA,318.1656,Breakout
2025-05-12T13:24:44.880869,MSFT,446.3919,Breakout
2025-05-12T13:25:44.849064,TSLA,317.985,Breakout
2025-05-12T13:25:45.615707,MSFT,446.385,Breakout
2025-05-12T13:25:47.726550,TSLA,317.96,Breakout
2025-05-12T13:25:48.595052,MSFT,446.385,Breakout
2025-05-12T13:26:48.676851,TSLA,318.1,Breakout
2025-05-12T13:26:49.484090,MSFT,446.34,Breakout
2025-05-12T13:26:53.174216,TSLA,318.01,Breakout
2025-05-12T13:26:53.900524,MSFT,446.28,Breakout
2025-05-12T13:27:16.007389,TSLA,318.02,Breakout
2025-05-12T13:27:16.750101,MSFT,446.29,Breakout
2025-05-12T13:28:16.867479,TSLA,317.99,Breakout
2025-05-12T13:28:17.790398,MSFT,446.43,Breakout
2025-05-12T13:28:19.611856,TSLA,318,Breakout
2025-05-12T13:28:20.523673,MSFT,446.42,Breakout
2025-05-12T13:29:20.214697,TSLA,318.29,Breakout
2025-05-12T13:29:20.967491,MSFT,446.56,Breakout
2025-05-12T13:29:23.487668,TSLA,318.29,Breakout
2025-05-12T13:29:24.197667,MSFT,446.53,Breakout
2025-05-12T13:30:25.214653,TSLA,318.5476,Breakout
2025-05-12T13:30:28.080422,TSLA,318.5599,Breakout
2025-05-12T13:30:28.848090,MSFT,446.49,Breakout
2025-05-12T13:31:29.179815,TSLA,318.605,Breakout
2025-05-12T13:31:29.924016,MSFT,446.55,Breakout
2025-05-12T13:31:33.913141,TSLA,318.579,Breakout
2025-05-12T13:31:34.666429,MSFT,446.63,Breakout
2025-05-12T13:32:35.158785,TSLA,318.7,Breakout
2025-05-12T13:32:35.934744,MSFT,446.765,Breakout
2025-05-12T13:32:40.216469,TSLA,318.7,Breakout
2025-05-12T13:32:40.967396,MSFT,446.7,Breakout
2025-05-12T13:33:41.427429,TSLA,318.5933,Breakout
2025-05-12T13:33:42.359545,MSFT,446.56,Breakout
2025-05-12T13:33:46.860371,TSLA,318.6392,Breakout
2025-05-12T13:33:47.725411,MSFT,446.6,Breakout
2025-05-12T13:34:19.599264,TSLA,318.58,Breakout
2025-05-12T13:34:20.348568,MSFT,446.58,Breakout
2025-05-12T13:34:35.916554,TSLA,318.59,Breakout
2025-05-12T13:34:36.740470,MSFT,446.55,Breakout
2025-05-12T13:35:20.456059,TSLA,318.515,Breakout
2025-05-12T13:35:21.210101,MSFT,446.52,Breakout
2025-05-12T13:35:23.266516,TSLA,318.49,Breakout
2025-05-12T13:35:24.080194,MSFT,446.52,Breakout
2025-05-12T13:35:38.533546,TSLA,318.55,Breakout
2025-05-12T13:35:39.418848,MSFT,446.53,Breakout
2025-05-12T13:36:01.878888,TSLA,318.4,Breakout
2025-05-12T13:36:02.642825,MSFT,446.42,Breakout
2025-05-12T13:36:24.004051,TSLA,318.46,Breakout
2025-05-12T13:36:24.804603,MSFT,446.47,Breakout
2025-05-12T13:36:57.307540,TSLA,318.5099,Breakout
2025-05-12T13:36:58.072829,MSFT,446.445,Breakout
2025-05-12T13:37:46.762926,TSLA,318.78,Breakout
2025-05-12T13:37:47.555539,MSFT,446.625,Breakout
2025-05-12T13:38:48.180026,TSLA,318.8568,Breakout
2025-05-12T13:38:51.646544,TSLA,318.8101,Breakout
2025-05-12T13:38:52.412409,MSFT,446.78,Breakout
2025-05-12T13:39:53.228493,TSLA,318.845,Breakout
2025-05-12T13:39:53.959296,MSFT,446.795,Breakout
2025-05-12T13:39:58.171711,TSLA,318.8527,Breakout
2025-05-12T13:39:58.925128,MSFT,446.8,Breakout
2025-05-12T13:41:04.042717,TSLA,318.95,Breakout
2025-05-12T13:41:04.851142,MSFT,446.74,Breakout
2025-05-12T13:41:14.696690,TSLA,318.93,Breakout
2025-05-12T13:41:15.466439,MSFT,446.76,Breakout
2025-05-12T13:42:09.565936,TSLA,318.985,Breakout
2025-05-12T13:42:10.348547,MSFT,446.61,Breakout
2025-05-12T13:42:17.893213,TSLA,319.03,Breakout
2025-05-12T13:42:18.769357,MSFT,446.64,Breakout
2025-05-12T13:42:27.353302,TSLA,318.98,Breakout
2025-05-12T13:42:28.136972,MSFT,446.61,Breakout
2025-05-12T13:43:17.288949,TSLA,319.03,Breakout
2025-05-12T13:43:18.084398,MSFT,446.76,Breakout
2025-05-12T13:43:32.300309,TSLA,319.1299,Breakout
2025-05-12T13:43:33.099988,MSFT,446.725,Breakout
2025-05-12T13:44:33.206882,TSLA,319.2699,Breakout
2025-05-12T13:44:34.020366,MSFT,446.55,Breakout
2025-05-12T13:44:38.205967,TSLA,319.16,Breakout
2025-05-12T13:44:39.007033,MSFT,446.49,Breakout
2025-05-12T13:45:39.264026,TSLA,319.77,Breakout
2025-05-12T13:45:40.089777,MSFT,446.77,Breakout
2025-05-12T13:45:44.229444,TSLA,319.62,Breakout
2025-05-12T13:45:45.001548,MSFT,446.77,Breakout
2025-05-12T13:46:45.718980,TSLA,319.3922,Breakout
2025-05-12T13:46:46.512072,MSFT,446.935,Breakout
2025-05-12T13:46:50.229111,TSLA,319.38,Breakout
2025-05-12T13:46:51.060197,MSFT,446.93,Breakout
2025-05-12T13:47:51.573832,TSLA,319.345,Breakout
2025-05-12T13:47:52.381613,MSFT,446.85,Breakout
2025-05-12T13:47:56.121938,TSLA,319.3104,Breakout
2025-05-12T13:47:56.933066,MSFT,446.9,Breakout
2025-05-12T13:48:57.257493,TSLA,319.44,Breakout
2025-05-12T13:48:58.044005,MSFT,446.895,Breakout
2025-05-12T13:52:43.403277,TSLA,319.19,Breakout
2025-05-12T13:52:44.767850,MSFT,446.935,Breakout
2025-05-12T13:53:43.340201,TSLA,319,Breakout
2025-05-12T13:53:44.131003,MSFT,446.895,Breakout
2025-05-12T13:53:49.503080,TSLA,319.06,Breakout
2025-05-12T13:53:50.316933,MSFT,446.92,Breakout
2025-05-12T13:54:50.211915,TSLA,319.17,Breakout
2025-05-12T13:54:50.970075,MSFT,447.3,Breakout
2025-05-12T13:54:55.386378,TSLA,319.2591,Breakout
2025-05-12T13:54:56.169519,MSFT,447.33,Breakout
2025-05-12T13:55:43.051852,TSLA,319.33,Breakout
2025-05-12T13:55:43.791806,MSFT,447.315,Breakout
2025-05-12T13:56:43.850454,TSLA,319.2906,Breakout
2025-05-12T13:56:44.636938,MSFT,447.2348,Breakout
2025-05-12T13:57:44.289131,TSLA,319.08,Breakout
2025-05-12T13:57:45.073428,MSFT,447.05,Breakout
2025-05-12T13:58:44.154393,TSLA,319.15,Breakout
2025-05-12T13:58:44.919368,MSFT,447.12,Breakout
2025-05-12T13:59:22.986762,TSLA,319.1,Breakout
2025-05-12T13:59:23.725552,MSFT,447.06,Breakout
2025-05-12T14:00:23.926078,TSLA,319.0808,Breakout
2025-05-12T14:00:24.793094,MSFT,447.0488,Breakout
2025-05-12T14:01:42.095877,TSLA,318.67,Breakout
2025-05-12T14:01:42.847031,MSFT,447.115,Breakout
2025-05-12T14:02:27.142658,TSLA,318.405,Breakout
2025-05-12T14:02:27.910650,MSFT,447.1,Breakout
2025-05-12T14:03:28.263932,TSLA,318.25,Breakout
2025-05-12T14:03:29.032684,MSFT,446.96,Breakout
2025-05-12T14:03:31.862811,TSLA,318.245,Breakout
2025-05-12T14:03:32.698207,MSFT,446.98,Breakout
2025-05-12T14:04:33.320831,TSLA,318.13,Breakout
2025-05-12T14:04:34.123196,MSFT,447,Breakout
2025-05-12T14:04:37.565667,TSLA,318.24,Breakout
2025-05-12T14:04:38.344552,MSFT,447.015,Breakout
2025-05-12T14:05:38.230869,TSLA,317.94,Breakout
2025-05-12T14:05:39.082084,MSFT,446.75,Breakout
2025-05-12T14:05:43.555955,TSLA,317.935,Breakout
2025-05-12T14:05:44.354583,MSFT,446.78,Breakout
2025-05-12T14:06:44.259971,TSLA,317.53,Breakout
2025-05-12T14:06:45.072709,MSFT,446.72,Breakout
2025-05-12T14:06:49.380721,TSLA,317.56,Breakout
2025-05-12T14:06:50.188967,MSFT,446.71,Breakout
2025-05-12T14:07:50.254415,TSLA,317.375,Breakout
2025-05-12T14:07:51.080040,MSFT,446.55,Breakout
2025-05-12T14:07:55.357677,TSLA,317.39,Breakout
2025-05-12T14:07:56.168697,MSFT,446.565,Breakout
2025-05-12T14:08:56.185408,TSLA,317.8115,Breakout
2025-05-12T14:08:56.953661,MSFT,446.73,Breakout
2025-05-12T14:09:02.020791,TSLA,317.84,Breakout
2025-05-12T14:09:02.810751,MSFT,446.74,Breakout
2025-05-12T14:10:03.310712,TSLA,317.65,Breakout
2025-05-12T14:10:04.095538,MSFT,446.8,Breakout
2025-05-12T14:10:08.370224,TSLA,317.75,Breakout
2025-05-12T14:10:09.308307,MSFT,446.715,Breakout
2025-05-12T14:11:09.235246,TSLA,317.8,Breakout
2025-05-12T14:11:10.034149,MSFT,446.4844,Breakout
2025-05-12T14:11:14.146376,TSLA,317.82,Breakout
2025-05-12T14:11:14.928537,MSFT,446.4844,Breakout
2025-05-12T14:12:15.368105,TSLA,317.67,Breakout
2025-05-12T14:12:16.243947,MSFT,446.4494,Breakout
2025-05-12T14:12:19.888707,TSLA,317.5614,Breakout
2025-05-12T14:12:20.728597,MSFT,446.41,Breakout
2025-05-12T14:13:20.440986,TSLA,317.81,Breakout
2025-05-12T14:13:21.331894,MSFT,446.65,Breakout
2025-05-12T14:13:26.358221,TSLA,317.78,Breakout
2025-05-12T14:13:27.197069,MSFT,446.64,Breakout
2025-05-12T14:14:27.484824,TSLA,317.76,Breakout
2025-05-12T14:14:28.362036,MSFT,446.7,Breakout
2025-05-12T14:14:33.244045,TSLA,317.83,Breakout
2025-05-12T14:14:34.130301,MSFT,446.7,Breakout
2025-05-12T14:15:34.423902,TSLA,318.3797,Breakout
2025-05-12T14:15:35.331055,MSFT,446.99,Breakout
2025-05-12T14:15:40.093669,TSLA,318.305,Breakout
2025-05-12T14:15:40.946527,MSFT,446.99,Breakout
2025-05-12T14:16:41.490361,TSLA,318.2199,Breakout
2025-05-12T14:16:42.332120,MSFT,447.18,Breakout
2025-05-12T14:16:46.962345,TSLA,318.2591,Breakout
2025-05-12T14:16:47.816954,MSFT,447.065,Breakout
2025-05-12T14:17:48.372804,TSLA,318.1736,Breakout
2025-05-12T14:17:49.193681,MSFT,447.09,Breakout
2025-05-12T14:17:53.415181,TSLA,318.155,Breakout
2025-05-12T14:17:54.350192,MSFT,447.09,Breakout
2025-05-12T14:18:54.364442,TSLA,318.19,Breakout
2025-05-12T14:18:55.262753,MSFT,447.299,Breakout
2025-05-12T14:18:59.871018,TSLA,318.21,Breakout
2025-05-12T14:19:00.774201,MSFT,447.25,Breakout
2025-05-12T14:20:01.432645,TSLA,318.03,Breakout
2025-05-12T14:20:02.312030,MSFT,447.4486,Breakout
2025-05-12T14:20:06.441177,TSLA,318.04,Breakout
2025-05-12T14:20:07.430411,MSFT,447.44,Breakout
2025-05-12T14:21:07.449605,TSLA,317.8596,Breakout
2025-05-12T14:21:08.383417,MSFT,447.67,Breakout
2025-05-12T14:21:13.228429,TSLA,317.877,Breakout
2025-05-12T14:21:14.043602,MSFT,447.63,Breakout
2025-05-12T14:22:14.404020,TSLA,317.67,Breakout
2025-05-12T14:22:15.250222,MSFT,447.575,Breakout
2025-05-12T14:22:20.202895,TSLA,317.51,Breakout
2025-05-12T14:22:21.061898,MSFT,447.606,Breakout
2025-05-12T14:23:21.365972,TSLA,317.88,Breakout
2025-05-12T14:23:22.253915,MSFT,447.44,Breakout
2025-05-12T14:23:26.612961,TSLA,317.91,Breakout
2025-05-12T14:23:27.461939,MSFT,447.445,Breakout
2025-05-12T14:24:27.402152,TSLA,317.64,Breakout
2025-05-12T14:24:28.308577,MSFT,447.51,Breakout
2025-05-12T14:24:33.281048,TSLA,317.68,Breakout
2025-05-12T14:24:34.148891,MSFT,447.57,Breakout
2025-05-12T14:25:34.410301,TSLA,317.795,Breakout
2025-05-12T14:25:35.253803,MSFT,447.689,Breakout
2025-05-12T14:25:40.028742,TSLA,317.72,Breakout
2025-05-12T14:25:40.879269,MSFT,447.685,Breakout
2025-05-12T14:26:41.431933,TSLA,317.5,Breakout
2025-05-12T14:26:42.297875,MSFT,447.74,Breakout
2025-05-12T14:26:46.298545,TSLA,317.535,Breakout
2025-05-12T14:26:47.220600,MSFT,447.71,Breakout
2025-05-12T14:27:47.377046,TSLA,317.47,Breakout
2025-05-12T14:27:48.267421,MSFT,447.9343,Breakout
2025-05-12T14:27:52.966794,TSLA,317.42,Breakout
2025-05-12T14:27:53.781027,MSFT,447.8,Breakout
2025-05-12T14:28:54.417436,TSLA,317.34,Breakout
2025-05-12T14:28:55.266129,MSFT,447.85,Breakout
2025-05-12T14:28:59.726276,TSLA,317.5276,Breakout
2025-05-12T14:29:00.583376,MSFT,447.91,Breakout
2025-05-12T14:30:00.395770,TSLA,317.02,Breakout
2025-05-12T14:30:01.261184,MSFT,447.935,Breakout
2025-05-12T14:30:04.833490,TSLA,317.05,Breakout
2025-05-12T14:30:05.702592,MSFT,448,Breakout
2025-05-12T14:31:06.386336,TSLA,317.065,Breakout
2025-05-12T14:31:10.003549,TSLA,317.04,Breakout
2025-05-12T14:31:10.955916,MSFT,448.105,Breakout
2025-05-12T14:32:11.360845,TSLA,317.1,Breakout
2025-05-12T14:32:12.257055,MSFT,448.1061,Breakout
2025-05-12T14:32:16.672373,TSLA,317.01,Breakout
2025-05-12T14:32:17.613165,MSFT,448.1022,Breakout
2025-05-12T14:33:17.494325,TSLA,317.065,Breakout
2025-05-12T14:33:18.369060,MSFT,448.0924,Breakout
2025-05-12T14:33:23.698854,TSLA,317.07,Breakout
2025-05-12T14:33:24.588493,MSFT,448.105,Breakout
2025-05-12T14:34:24.479344,TSLA,316.7957,Breakout
2025-05-12T14:34:25.394777,MSFT,448.005,Breakout
2025-05-12T14:34:30.513396,TSLA,316.7956,Breakout
2025-05-12T14:34:31.437339,MSFT,447.97,Breakout
2025-05-12T14:35:31.502068,TSLA,316.575,Breakout
2025-05-12T14:35:32.379055,MSFT,448.03,Breakout
2025-05-12T14:35:37.096790,TSLA,316.57,Breakout
2025-05-12T14:35:37.980174,MSFT,448.08,Breakout
2025-05-12T14:36:38.424596,TSLA,316.635,Breakout
2025-05-12T14:36:39.269523,MSFT,448.185,Breakout
2025-05-12T14:36:44.000796,TSLA,316.7999,Breakout
2025-05-12T14:36:44.872619,MSFT,448.195,Breakout
2025-05-12T14:40:20.801929,TSLA,317.14,Breakout
2025-05-12T14:40:22.270656,MSFT,448.2,Breakout
2025-05-12T14:41:21.379818,TSLA,317.12,Breakout
2025-05-12T14:41:22.254088,MSFT,448.26,Breakout
2025-05-12T14:41:28.029293,TSLA,317.1,Breakout
2025-05-12T14:41:28.870136,MSFT,448.19,Breakout
2025-05-12T14:42:29.396250,TSLA,316.3353,Breakout
2025-05-12T14:42:30.213920,MSFT,448.23,Breakout
2025-05-12T14:42:34.784707,TSLA,316.485,Breakout
2025-05-12T14:42:35.595317,MSFT,448.21,Breakout
2025-05-12T14:43:35.420338,TSLA,316.615,Breakout
2025-05-12T14:43:36.259181,MSFT,448.11,Breakout
2025-05-12T14:43:41.629662,TSLA,316.65,Breakout
2025-05-12T14:43:42.523405,MSFT,448.0212,Breakout
2025-05-12T14:44:42.476779,TSLA,316.54,Breakout
2025-05-12T14:44:43.325529,MSFT,447.82,Breakout
2025-05-12T14:44:48.208881,TSLA,316.535,Breakout
2025-05-12T14:44:49.026154,MSFT,447.87,Breakout
2025-05-12T14:45:49.343455,TSLA,316.58,Breakout
2025-05-12T14:45:50.169635,MSFT,447.87,Breakout
2025-05-12T14:45:54.246299,TSLA,316.63,Breakout
2025-05-12T14:45:55.079969,MSFT,447.85,Breakout
2025-05-12T14:46:55.388484,TSLA,316.6012,Breakout
2025-05-12T14:46:56.140385,MSFT,447.94,Breakout
2025-05-12T14:47:00.793469,TSLA,316.63,Breakout
2025-05-12T14:47:01.644619,MSFT,447.93,Breakout
2025-05-12T14:48:02.700990,TSLA,317.055,Breakout
2025-05-12T14:48:03.536497,MSFT,447.87,Breakout
2025-05-12T14:48:07.357836,TSLA,316.97,Breakout
2025-05-12T14:48:08.161773,MSFT,447.9,Breakout
2025-05-12T14:49:08.424453,TSLA,316.96,Breakout
2025-05-12T14:49:09.354748,MSFT,447.71,Breakout
2025-05-12T14:49:14.022483,TSLA,316.89,Breakout
2025-05-12T14:49:14.861007,MSFT,447.765,Breakout
2025-05-12T14:50:15.465510,TSLA,316.86,Breakout
2025-05-12T14:50:16.344123,MSFT,447.47,Breakout
2025-05-12T14:50:20.804028,TSLA,316.805,Breakout
2025-05-12T14:50:21.802794,MSFT,447.45,Breakout
2025-05-12T14:51:22.340282,TSLA,317,Breakout
2025-05-12T14:51:23.240552,MSFT,447.61,Breakout
2025-05-12T14:51:28.063645,TSLA,316.9009,Breakout
2025-05-12T14:51:28.982663,MSFT,447.421,Breakout
2025-05-12T14:52:29.334598,TSLA,316.77,Breakout
2025-05-12T14:52:30.209066,MSFT,447.24,Breakout
2025-05-12T14:52:35.039261,TSLA,316.735,Breakout
2025-05-12T14:52:35.954833,MSFT,447.25,Breakout
2025-05-12T14:53:36.337764,TSLA,317.1108,Breakout
2025-05-12T14:53:37.188038,MSFT,447.3493,Breakout
2025-05-12T14:53:41.583640,TSLA,317.07,Breakout
2025-05-12T14:53:42.440419,MSFT,447.3493,Breakout
2025-05-12T14:54:42.469559,TSLA,316.93,Breakout
2025-05-12T14:54:43.327721,MSFT,447.24,Breakout
2025-05-12T14:54:47.970888,TSLA,316.95,Breakout
2025-05-12T14:54:48.767615,MSFT,447.27,Breakout
2025-05-12T14:55:49.457164,TSLA,316.8215,Breakout
2025-05-12T14:55:50.545318,MSFT,447.29,Breakout
2025-05-12T14:55:54.010601,TSLA,316.8126,Breakout
2025-05-12T14:55:54.957385,MSFT,447.265,Breakout
2025-05-12T14:56:55.273944,TSLA,316.8108,Breakout
2025-05-12T14:56:56.102624,MSFT,447.31,Breakout
2025-05-12T14:57:00.070214,TSLA,316.84,Breakout
2025-05-12T14:57:00.850459,MSFT,447.34,Breakout
2025-05-12T14:58:01.225765,TSLA,317.26,Breakout
2025-05-12T14:58:02.057307,MSFT,447.41,Breakout
2025-05-12T14:58:06.424079,TSLA,317.1912,Breakout
2025-05-12T14:58:07.210955,MSFT,447.37,Breakout
2025-05-12T14:59:07.279477,TSLA,316.8592,Breakout
2025-05-12T14:59:08.081887,MSFT,447.325,Breakout
2025-05-12T14:59:12.101091,TSLA,316.77,Breakout
2025-05-12T14:59:12.937994,MSFT,447.3,Breakout
2025-05-12T15:00:13.308510,TSLA,316.62,Breakout
2025-05-12T15:00:14.075341,MSFT,447.13,Breakout
2025-05-12T15:00:18.510333,TSLA,316.54,Breakout
2025-05-12T15:00:19.259925,MSFT,447.07,Breakout
2025-05-12T15:01:22.807612,TSLA,316.44,Breakout
2025-05-12T15:01:23.593966,MSFT,447.22,Breakout
2025-05-12T15:02:24.172704,TSLA,316.58,Breakout
2025-05-12T15:02:24.916328,MSFT,447.0935,Breakout
2025-05-12T15:02:27.756859,TSLA,316.5686,Breakout
2025-05-12T15:02:28.515852,MSFT,447.11,Breakout
2025-05-12T15:03:29.219158,TSLA,316.97,Breakout
2025-05-12T15:03:30.025369,MSFT,447.1204,Breakout
2025-05-12T15:03:34.111887,TSLA,317.005,Breakout
2025-05-12T15:03:34.920703,MSFT,447.16,Breakout
2025-05-12T15:04:35.293702,TSLA,316.9,Breakout
2025-05-12T15:04:36.115722,MSFT,447.14,Breakout
2025-05-12T15:04:40.315843,TSLA,316.87,Breakout
2025-05-12T15:04:41.120535,MSFT,447.195,Breakout
2025-05-12T15:05:41.305330,TSLA,317.7416,Breakout
2025-05-12T15:05:42.108906,MSFT,447.21,Breakout
2025-05-12T15:05:46.393791,TSLA,317.705,Breakout
2025-05-12T15:05:47.198420,MSFT,447.22,Breakout
2025-05-12T15:06:47.271225,TSLA,317.7401,Breakout
2025-05-12T15:06:48.083718,MSFT,447.42,Breakout
2025-05-12T15:06:52.235022,TSLA,317.6701,Breakout
2025-05-12T15:06:53.045545,MSFT,447.41,Breakout
2025-05-12T15:07:53.244455,TSLA,317.73,Breakout
2025-05-12T15:07:54.086565,MSFT,447.275,Breakout
2025-05-12T15:07:58.303818,TSLA,317.7,Breakout
2025-05-12T15:07:59.085819,MSFT,447.275,Breakout
2025-05-12T15:08:59.286447,TSLA,317.4358,Breakout
2025-05-12T15:09:00.118535,MSFT,447.19,Breakout
2025-05-12T15:09:04.791925,TSLA,317.51,Breakout
2025-05-12T15:09:05.612738,MSFT,447.25,Breakout
2025-05-12T15:10:06.378692,TSLA,317.3306,Breakout
2025-05-12T15:10:07.312889,MSFT,447.135,Breakout
2025-05-12T15:10:10.364322,TSLA,317.3302,Breakout
2025-05-12T15:10:11.331587,MSFT,447.135,Breakout
2025-05-12T15:11:11.574093,TSLA,317.43,Breakout
2025-05-12T15:11:12.481677,MSFT,447.0799,Breakout
2025-05-12T15:11:16.523903,TSLA,317.479,Breakout
2025-05-12T15:11:17.349502,MSFT,447.07,Breakout
2025-05-12T15:12:17.317324,TSLA,317.605,Breakout
2025-05-12T15:12:18.094774,MSFT,447.07,Breakout
2025-05-12T15:12:22.458614,TSLA,317.6285,Breakout
2025-05-12T15:12:23.225984,MSFT,447.07,Breakout
2025-05-12T15:13:23.233671,TSLA,317.7201,Breakout
2025-05-12T15:13:23.999722,MSFT,447.1391,Breakout
2025-05-12T15:13:28.281601,TSLA,317.7542,Breakout
2025-05-12T15:13:29.049345,MSFT,447.1,Breakout
2025-05-12T15:14:29.224508,TSLA,317.6346,Breakout
2025-05-12T15:14:29.984784,MSFT,447.165,Breakout
2025-05-12T15:14:34.235478,TSLA,317.71,Breakout
2025-05-12T15:14:34.983658,MSFT,447.185,Breakout
2025-05-12T15:15:35.304581,TSLA,317.03,Breakout
2025-05-12T15:15:36.142218,MSFT,447.055,Breakout
2025-05-12T15:15:40.574764,TSLA,317.16,Breakout
2025-05-12T15:15:41.352522,MSFT,447.15,Breakout
2025-05-12T15:16:41.252211,TSLA,317.82,Breakout
2025-05-12T15:16:42.059379,MSFT,447.56,Breakout
2025-05-12T15:16:46.269716,TSLA,317.74,Breakout
2025-05-12T15:16:47.078338,MSFT,447.54,Breakout
2025-05-12T15:17:47.365131,TSLA,317.74,Breakout
2025-05-12T15:17:48.127025,MSFT,447.62,Breakout
2025-05-12T15:17:51.990779,TSLA,317.7636,Breakout
2025-05-12T15:17:52.755693,MSFT,447.67,Breakout
2025-05-12T15:18:53.553132,TSLA,317.65,Breakout
2025-05-12T15:18:54.348132,MSFT,447.655,Breakout
2025-05-12T15:18:57.749759,TSLA,317.5901,Breakout
2025-05-12T15:18:58.534690,MSFT,447.64,Breakout
2025-05-12T15:19:59.214830,TSLA,317.68,Breakout
2025-05-12T15:19:59.988152,MSFT,447.555,Breakout
2025-05-12T15:20:03.352224,TSLA,317.6726,Breakout
2025-05-12T15:20:04.082749,MSFT,447.555,Breakout
2025-05-12T15:21:04.264969,TSLA,317.44,Breakout
2025-05-12T15:21:05.086529,MSFT,447.3,Breakout
2025-05-12T15:21:09.297655,TSLA,317.48,Breakout
2025-05-12T15:21:10.109257,MSFT,447.33,Breakout
2025-05-12T15:22:10.364244,TSLA,317.7755,Breakout
2025-05-12T15:22:11.163463,MSFT,447.28,Breakout
2025-05-12T15:22:15.462900,TSLA,317.64,Breakout
2025-05-12T15:22:16.283149,MSFT,447.24,Breakout
2025-05-12T15:23:16.323833,TSLA,317.28,Breakout
2025-05-12T15:23:17.131228,MSFT,447.31,Breakout
2025-05-12T15:23:21.460659,TSLA,317.31,Breakout
2025-05-12T15:23:22.326441,MSFT,447.3,Breakout
2025-05-12T15:24:22.297508,TSLA,317.1299,Breakout
2025-05-12T15:24:23.081251,MSFT,447.17,Breakout
2025-05-12T15:24:27.425859,TSLA,317.1582,Breakout
2025-05-12T15:24:28.290759,MSFT,447.17,Breakout
2025-05-12T15:25:28.218709,TSLA,316.999,Breakout
2025-05-12T15:25:28.996796,MSFT,447.055,Breakout
2025-05-12T15:25:33.063931,TSLA,316.93,Breakout
2025-05-12T15:25:33.909618,MSFT,447.055,Breakout
2025-05-12T15:26:34.286169,TSLA,316.88,Breakout
2025-05-12T15:26:35.083469,MSFT,446.96,Breakout
2025-05-12T15:26:38.924446,TSLA,317.0696,Breakout
2025-05-12T15:26:39.749700,MSFT,446.8984,Breakout
2025-05-12T15:27:40.262659,TSLA,316.4072,Breakout
2025-05-12T15:27:41.096783,MSFT,446.72,Breakout
2025-05-12T15:27:45.126081,TSLA,316.5802,Breakout
2025-05-12T15:27:45.944160,MSFT,446.7708,Breakout
2025-05-12T15:28:46.278682,TSLA,316.9301,Breakout
2025-05-12T15:28:47.110239,MSFT,447.03,Breakout
2025-05-12T15:28:51.297936,TSLA,316.8439,Breakout
2025-05-12T15:28:52.127453,MSFT,447.02,Breakout
2025-05-12T15:29:52.250291,TSLA,316.36,Breakout
2025-05-12T15:29:53.072025,MSFT,447.005,Breakout
2025-05-12T15:29:57.338856,TSLA,316.335,Breakout
2025-05-12T15:29:58.149801,MSFT,447.01,Breakout
2025-05-12T15:30:58.285205,TSLA,316.52,Breakout
2025-05-12T15:30:59.053643,MSFT,447.095,Breakout
2025-05-12T15:31:03.396623,TSLA,316.59,Breakout
2025-05-12T15:31:04.218829,MSFT,447.15,Breakout
2025-05-12T15:32:04.231719,TSLA,316.6569,Breakout
2025-05-12T15:32:05.040322,MSFT,447.2,Breakout
2025-05-12T15:32:09.244752,TSLA,316.5653,Breakout
2025-05-12T15:32:10.045724,MSFT,447.2,Breakout
2025-05-12T15:33:15.186298,TSLA,316.39,Breakout
2025-05-12T15:33:16.002070,MSFT,447.31,Breakout
2025-05-12T15:34:16.131285,TSLA,316.6,Breakout
2025-05-12T15:34:16.882048,MSFT,447.2482,Breakout
2025-05-12T15:34:21.104164,TSLA,316.54,Breakout
2025-05-12T15:34:21.863071,MSFT,447.2482,Breakout
2025-05-12T15:35:22.429588,TSLA,316.8,Breakout
2025-05-12T15:35:23.285105,MSFT,447.2472,Breakout
2025-05-12T15:35:27.139016,TSLA,316.8325,Breakout
2025-05-12T15:35:27.988502,MSFT,447.285,Breakout
2025-05-12T15:36:28.300120,TSLA,316.37,Breakout
2025-05-12T15:36:29.125688,MSFT,447.21,Breakout
2025-05-12T15:36:31.574982,TSLA,316.2956,Breakout
2025-05-12T15:36:32.355863,MSFT,447.09,Breakout
